국명(표준명·유통명),학명,영명,식물 특징,물주기 방법,유지 관리 포인트,과명,적절한 온도,적절한 광선,적절한 습도,효과,주의할 병충해,관리난이도,독성주의,Tip,문제 발생시,기타
스노우화이트(사파이어),Aglaonema 'Lady Valentine',Chinese Evergreen 'First Diamond',"아글라오네마는 잎에 진한 녹색과 흰색, 붉은색, 분홍색 등의 색상과 무늬가 다양하여 각 품종마다 다른 매력이 있다. 이 식물은 빛이 잘 안 드는 실내에서도 잘 견디어 가정과 공공건물에서 많이 사용한다. 단, 저온에 약해서 13℃ 이상을 유지해야 한다.","봄~가을(5월~9월)까지 생장기에는 토양 표면이 말랐을 때 충분히 물을 주고, 겨울에는 화분흙이 대부분 말랐을 때 충분히 물을 준다. 건조에 강하기 때문에 15℃ 이하에서는 물을 주지 않는다. 여름철 건조기에는 식물에 분무를 자주 하여 공중습도를 높이면 좋다.",직사광선을 피하고 잎에 자주 분무한다. 가지치기를 하지 않으면 웃자라 주변 식물 생장에 영향을 준다.,천남성과,21~24℃ (최저 13℃),음지~반음지,보통,"포름알데히드·자일렌 제거, 음이온 발생, 상대습도 증가","응애, 진딧물, 깍지벌레",하,식물 모든 부분,아글라오네마속 식물은 빛이 잘 안 드는 곳에서도 잘 자라고 음이온 발생량이 많아서 공부 방에 배치하면 좋다.,▶ 잎이 시들거나 갈변하였을 때: 공기가 너무 건조할 경우 ▶ 말린 잎이나 가장자리가 갈변할 때 원인: 공기가 너무 차갑거나 건조할 경우,
아글라오네마 엔젤,Aglaonema 'First Diamond',Chinese Evergreen 'Lady Valentine',"아글라오네마는 잎에 진한 녹색과 흰색, 붉은색, 분홍색 등의 색상과 무늬가 다양하여 각 품종마다 다른 매력이 있다. 이 식물은 빛이 잘 안 드는 실내에서도 잘 견디어 가정과 공공건물에서 많이 사용한다. 단, 저온에 약해서 13℃ 이상을 유지해야 한다.","봄~가을(5월~9월)까지 생장기에는 토양 표면이 말랐을 때 충분히 물을 주고, 겨울에는 화분흙이 대부분 말랐을 때 충분히 물을 준다. 건조에 강하기 때문에 15℃ 이하에서는 물을 주지 않는다. 여름철 건조기에는 식물에 분무를 자주 하여 공중습도를 높이면 좋다.",직사광선을 피하고 잎에 자주 분무한다. 가지치기를 하지 않으면 웃자라 주변 식물 생장에 영향을 준다.,천남성과,21~24℃ (최저 13℃),음지~반음지,보통,"포름알데히드·자일렌 제거, 음이온 발생, 상대습도 증가","응애, 진딧물, 깍지벌레",하,식물 모든 부분,아글라오네마속 식물은 빛이 잘 안 드는 곳에서도 잘 자라고 음이온 발생량이 많아서 공부 방에 배치하면 좋다.,▶ 잎이 시들거나 갈변하였을 때: 공기가 너무 건조할 경우 ▶ 말린 잎이나 가장자리가 갈변할 때 원인: 공기가 너무 차갑거나 건조할 경우,
시암오로라,Aglaonema 'Siam Valentine',Chinese Evergreen 'Siam Valentine',"아글라오네마는 잎에 진한 녹색과 흰색, 붉은색, 분홍색 등의 색상과 무늬가 다양하여 각 품종마다 다른 매력이 있다. 이 식물은 빛이 잘 안 드는 실내에서도 잘 견디어 가정과 공공건물에서 많이 사용한다. 단, 저온에 약해서 13℃ 이상을 유지해야 한다.","봄~가을(5월~9월)까지 생장기에는 토양 표면이 말랐을 때 충분히 물을 주고, 겨울에는 화분흙이 대부분 말랐을 때 충분히 물을 준다. 건조에 강하기 때문에 15℃ 이하에서는 물을 주지 않는다. 여름철 건조기에는 식물에 분무를 자주 하여 공중습도를 높이면 좋다.",직사광선을 피하고 잎에 자주 분무한다. 가지치기를 하지 않으면 웃자라 주변 식물 생장에 영향을 준다.,천남성과,21~24℃ (최저 13℃),음지~반음지,보통,"포름알데히드·자일렌 제거, 음이온 발생, 상대습도 증가","응애, 진딧물, 깍지벌레",하,식물 모든 부분,아글라오네마속 식물은 빛이 잘 안 드는 곳에서도 잘 자라고 음이온 발생량이 많아서 공부 방에 배치하면 좋다.,▶ 잎이 시들거나 갈변하였을 때: 공기가 너무 건조할 경우 ▶ 말린 잎이나 가장자리가 갈변할 때 원인: 공기가 너무 차갑거나 건조할 경우,
거북알로카시아,Alocasiaxmortfontanensis,Elephant's Ear,"곧은 줄기와 화살 모양의 큰 잎과 잎의 면, 엽맥이 아름답 고 화려해 이국적으로 보이는 관엽식물이다. 반면 거북알 로카시아는 다른 식물들보다 기르기가 까다로워 따뜻한 온 도, 높은 습도를 지속적으로 유지해야 한다. 독성이 있으므 로 주의한다.","봄~가을에는 토양을 촉촉하게 유지하되 물에 잠기지 않게 주의하고, 겨울에는 토양 표면이 말랐을 때 충분히 물을 준 다.",과습에 주의하되 잎에 자주 분무한다. 가지치기를 하지 않 으면 웃자라 주변 식물 생장에 영향을 준다. 2~3년에 한 번 은 분갈이한다.,천남성과,18~25℃ (최저 13℃),반양지,높은편,공기정화,"응애, 깍지벌레",상,식물 모든 부분,"알로카시아/콜로카시아 구별법: 형태가 다르다. 콜로카시아는 과서(꽃이 피는 순서에 따라 형성되는 열매의 배열 상태)가 하 수형 또는 비스듬히 자라고, 열매가 3mm이하이며 황색 또는 갈색이다. 한 과실당 작은 종 자가 무수히 많다. 알로카시아는 과서가 직립하고, 열매가 4mm이상이며 적색이다. 한 과실 당 큰 종자가 몇 개씩 있다.",,
알로에 베라,Aloe vera,"Medicinal, Babados Aloe","뾰족한 잎이 당당하게 뻗어 멋지게 보이는 알로에 베라는 공기정화식물뿐 아니라 약용식물로도 유명하다. 아주 오래전 부터 민간의학에서 약용으로 널리 사용되어 왔고, 화장품의 주성분으로 사용된다. 유지관리가 쉽고 병충해에 대한 저항 력이 강해 식물을 처음 접하는 사람이 키우기가 좋다. 대부분의 알로에 품종은 성숙하기 전에는 꽃을 피우지 않고, 밑동 부분에서 돋아나오는 수많은 새순이나 어린잎들을 잘 라서 꺾꽂이하면 쉽게 번식할 수 있다.","봄~가을에는 다른 실내식물과 같이 적당히 물을 주고, 겨울 에는 적게 준다. 분무하지 않는다.",배수가 잘되는 일반적인 배양토를 사용한다.,백합과,18~24℃ (최저 4℃),"반양지, 반음지",낮게,공기정화,병충해에 강함,하,,"다육식물로 난초과, 브로멜리아류 식물과 마찬가지로 밤에 이산화탄소를 흡수하므로 침실 에 두면 좋다.",,
홍학꽃(안스리움),Anthurium andraeanum Linden ex André,"Flamingo flower, Lily Flamingo","열대지방이 원산지인 홍학꽃은 따뜻하고 습한 곳을 좋아하 는 기르기가 꽤 까다로운 식물이다. 육수화서를 둘러싼 넓은 잎모양의 불염포는 흰색, 분홍색, 빨간색, 산호색 등 색상이 다양하다. 이 불염포는 여러 주 동안 볼 수 있지만 꽃은 꽃가 루가 날릴 수 있으므로 제거하는 것이 좋다. 여름에는 직사광선을 피하는 것이 좋다. 또한 날이 추워지면 창가에 두지 않도록 한다. 비료는 봄·가을에 주고, 겨울에는 주지 않는다.",화분흙이 대부분 말랐을 때 충분히 물을 준다. 물주기가 까다로운 편이며 많이 주지 않도록 주의한다. 수분 을 좋아하고 건조한 공기를 매우 힘들어한다.,직사광선을 피하고 잎에 자주 분무한다.,천남성과,18~24℃ (최저 13℃),반양지,보통,"암모니아 제거, 일산화탄소 제거, 포름알데히드· 톨루엔 제거, 음이온 발생, 상대습도 증가",응애,중,식물 모든 부분,일산화탄소와 암모니아가스 제거능력이 좋아 햇빛이 잘 드 는 주방 또는 화장실에 두면 좋다.,,
아펠란드라 스쿠아로사,Aphelandra squarrosa 'Louisae',"Saffron spike, Zebra plant",원산지는 열대 아메리카와 아열대 아메리카로 약 80여 종이 난다. 잎은 광택이 나는 진녹색 바탕에 은백색의 줄무늬 엽 맥이 나타나며 줄기 끝에 선명한 황금색의 포가 나오며 포 의 기부에서 통꽃이 핀다. 개화기는 1∼2월이나 환경 조건만 맞으면 연중 개화한다.,"봄~가을에는 토양 표면이 말랐을 때 충분히 물을 주고, 겨울 에는 화분흙이 대부분 말랐을 때 충분히 물을 준다.",직사광선을 피하고 건조할 때 잎에 자주 분무한다. 매년 분갈이를 한다.,쥐꼬리망초과,18~32℃ (최저 13℃),반양지,높거나 보통,일산화탄소 제거,"응애, 깍지벌레, 온실가루이",상,,,▶ 잎이 떨어질 때 : 1) 뿌리가 건조할 경우. 건조는 잎 손실의 심각한 원인이 될 수 있음 2) 차가운 공기는 낙엽화의 또 다른 흔한 원인임 3) 너무 많은 햇빛과 가뭄이 원인일 수 있음 ▶ 잎 끝이 갈변할 때 : 공중 습도가 너무 낮은 경우. 화분흙에 물을 주고 정기적으로 분무,
아라우카리아 헤테로필라(아라우카리아),Araucaria heterophylla,House pine,"아라우카리아 헤테로필라는 송곳모양의 부드러운 바늘잎이 달린 가지가 수평으로 자라는 우아한 형태의 상록침엽수이 다. 15종 이상의 품종이 있으나 실내식물로 도입된 종은 아 라우카리아 헤테로필라 하나뿐이다. 한 번의 생육기를 거치 는 동안 새로 나오는 가지는 한 층으로 생장이 느린 편이며 새로 자란 층의 잎은 밝은 녹색이나 기간이 지나면 점점 짙 어진다. 반음지~반양지에서 잘 자라고 직사광선을 받으면 잎이 누렇게 탄다. 자생지에서는 키가 61m까지도 자라지만, 실내에서 기를 경우 최고 높이가 3m 정도이다. 일반 화분재배, 수경재배, 저면관수 모두 가능하다.","왕성하게 생육하는 봄~여름에는 토양이 촉촉하도록 물을 주 고, 겨울에는 적게 준다. 분무는 자주 해주는 것이 좋다.",어두운 곳에 오래두면 모양이 흐트러지므로 주의한다.,아라우카리아과,18~22℃ (최저 5℃),반양지~반음지,보통,"공기정화, 음이온 발생, 상대습도 증가","진딧물, 깍지벌레",하,,겨울철에 크리스마스 트리로 사용하는 경우가 많은데 장식을 매달 때 가지가 상하지 않도 록 주의한다.,"▶ 바늘잎이 떨어지고 가지가 시들었을 때 : 실내가 너무 덥거나, 겨울에 물을 너무 많이 준 것일 수 있음",
백량금,Ardisia crenata,Coralberry,"우리나라 제주도를 비롯하여 서남해안 도서 지방 숲속에서 자라는 상록관목 자생식물이다. 높이는 0.3~1m이며, 6~8월 에 흰색 꽃이 피고, 10~12월에 둥근 열매가 붉은색으로 열린 다. 자금우에 비해 곧게 자라고, 잎 가장자리에 물결모양으 로 톱니가 있다. 부식질이 풍부하고 보수력이 좋은 토양이 적합하다.",토양 표면이 말랐을 때 충분히 물을 준다.,건조하면 깍지벌레나 진딧물이 줄기나 잎의 뒷면에 발생할 수 있으므로 물을 자주 분무하여 건조하지 않게 한다. 실내에서 빛이 부족해도 적응하지만 꽃과 열매를 보기 위해 서는 밝은 빛이 필요하다.,자금우과,16~20℃ (최저 5℃),반음지~반양지,보통,포름알데히드·일산화탄소 제거,"응애, 깍지벌레, 진딧물, 온실가루이",중,,백량금은 포름알데히드와 일산화탄소 제거능력이 우수하여 거실에 배치하면 좋다. 어느 광 도에도 잘 자라지만 햇빛을 좋아하는 편이라 창가나 밝은 곳에 두면 열매가 많이 열린다.,,
자금우,Ardisia japonica,Marlberry,"자금우는 한국이 원산지로 중국, 일본, 타이완에 분포한다. 꽃은 양성화로 7~8월에 줄기 끝에 잎겨드랑이에서 피며, 10~12월에 탐스런 붉은 열매가 달려서 겨울철 실내정원과 크리스마스 시즌에 포인트로 많이 장식한다. 자금우는 잎에 무늬가 있는 품종들도 함께 분화로 많이 사 용하며, 정원에서 지피식물로 사용할 수 있다. 자금우'하쿠 오칸'(Ardisia japonica 'Hakuokan')은 잎 전체가 녹색이고, 잎 가장자리는 크림색인 무늬종으로 '무늬산호수'로 유통된 다. 자금우'호우칸'은 잎 전체가 연한 녹색에 가장자리는 진 한 녹색인 무늬종으로 시장에서는 '황금산호수'로 불린다.","잎에 자주 분무하고, 토양표면이 말랐을 때 물을 충분히 준다.","고온건조, 직사광선을 피하고 온도와 습도관리에 유의한다.",자금우과,15~25℃ (최저 5℃),"반양지, 반음지","보통, 잎에 자주 분무","음이온 발생, 상대습도 증가, 톨루엔·포름알데히드 제거","응애, 깍지벌레",하,,"음이온을 배출하여 전자파를 잡아주고 집중력 향상에 도움을 주기 때문에 서재, 공부방에 놓아 활용한다.",,
무늬산호수,Ardisia japonica 'Hakuokan',Marlberry,"자금우는 한국이 원산지로 중국, 일본, 타이완에 분포한다. 꽃은 양성화로 7~8월에 줄기 끝에 잎겨드랑이에서 피며, 10~12월에 탐스런 붉은 열매가 달려서 겨울철 실내정원과 크리스마스 시즌에 포인트로 많이 장식한다. 자금우는 잎에 무늬가 있는 품종들도 함께 분화로 많이 사 용하며, 정원에서 지피식물로 사용할 수 있다. 자금우'하쿠 오칸'(Ardisia japonica 'Hakuokan')은 잎 전체가 녹색이고, 잎 가장자리는 크림색인 무늬종으로 '무늬산호수'로 유통된 다. 자금우'호우칸'은 잎 전체가 연한 녹색에 가장자리는 진 한 녹색인 무늬종으로 시장에서는 '황금산호수'로 불린다.","잎에 자주 분무하고, 토양표면이 말랐을 때 물을 충분히 준다.","고온건조, 직사광선을 피하고 온도와 습도관리에 유의한다.",자금우과,15~25℃ (최저 5℃),"반양지, 반음지","보통, 잎에 자주 분무","음이온 발생, 상대습도 증가, 톨루엔·포름알데히드 제거","응애, 깍지벌레",하,,"음이온을 배출하여 전자파를 잡아주고 집중력 향상에 도움을 주기 때문에 서재, 공부방에 놓아 활용한다.",,
황금산호수,Ardisia japonica 'Houkan',Marlberry,"자금우는 한국이 원산지로 중국, 일본, 타이완에 분포한다. 꽃은 양성화로 7~8월에 줄기 끝에 잎겨드랑이에서 피며, 10~12월에 탐스런 붉은 열매가 달려서 겨울철 실내정원과 크리스마스 시즌에 포인트로 많이 장식한다. 자금우는 잎에 무늬가 있는 품종들도 함께 분화로 많이 사 용하며, 정원에서 지피식물로 사용할 수 있다. 자금우'하쿠 오칸'(Ardisia japonica 'Hakuokan')은 잎 전체가 녹색이고, 잎 가장자리는 크림색인 무늬종으로 '무늬산호수'로 유통된 다. 자금우'호우칸'은 잎 전체가 연한 녹색에 가장자리는 진 한 녹색인 무늬종으로 시장에서는 '황금산호수'로 불린다.","잎에 자주 분무하고, 토양표면이 말랐을 때 물을 충분히 준다.","고온건조, 직사광선을 피하고 온도와 습도관리에 유의한다.",자금우과,15~25℃ (최저 5℃),"반양지, 반음지","보통, 잎에 자주 분무","음이온 발생, 상대습도 증가, 톨루엔·포름알데히드 제거","응애, 깍지벌레",하,,"음이온을 배출하여 전자파를 잡아주고 집중력 향상에 도움을 주기 때문에 서재, 공부방에 놓아 활용한다.",,
산호수,Ardisia pusilla,Tiny Ardisia,"제주도에 자생하는 산호수는 키가 20cm를 넘지 않는 덩굴 성으로 추위에 약해서 외부에서 월동이 되지 않는다. 반그늘 진 곳을 좋아하며, 어느 정도 습기유지가 중요하다. 잎에 광 택이 있어 고급스럽지만 독성이 있어 함부로 섭취하면 위험 하니 주의한다.",봄~가을에는 토양 표면이 말랐을 때 충분히 물을 주고 겨울 에는 화분흙이 대부분 말랐을 때 충분히 물을 준다. 겨울에 는 물주는 횟수를 줄인다,직사광선을 피하고 잎이 타지 않도록 주의한다. 가지치기를 하여 다른 식물을 감싸는 가지를 제거한다. 가지치기를 하지 않으면 안쪽 가지가 무르거나 상할 수 있다.,자금우과,10~26℃ (최저 0℃),반음지,보통,"일산화탄소제거, 음이온 발생, 상대습도 증가, 미세먼지 제거","응애, 깍지벌레, 온실가루이",하,,산호수를 공부방에 두면 음이온과 습도의 발생량이 우수하여 집중력 향상과 습도 조절에 도움을 준다.,,구별 Tip이 있음.
꽃베고니아,Begonia semperflorens,Wax Begonia,"'언제나 꽃이 피는 베고니아'라는 의미의 Begonia semperflorens는 '사철베고니아'라는 이 름으로도 불린다. 꽃 색상은 흰색, 분홍색, 노란색, 주황색 등 다양하고 생육상태가 좋으면 일 년 내내 꽃을 볼 수 있다. 꽃이 피는 식물로 가능한 햇빛을 많이 보는 것이 좋다. 배수가 잘되고 부식질이 많이 포함된 배합토를 사용한다.","봄~여름에는 토양을 촉촉하게 유지하고, 가을에는 토양 표면이 말랐을 때 충분히 물을 주며, 겨울에는 화분흙이 대부분 말랐을 때는 충분히 물을 준다. 일반적으로 다육성이라 물을 많이 주지 않아도 좋다.","시든 잎과 꽃잎은 자주 따 주며 관리한다. 잎의 색이 희미해지면 가능한 햇빛이 덜 드는 곳 으로 옮겨주고, 잎 끝이 갈색으로 변하면 공기가 너무 건조하다는 것이다. 생장속도가 빨 라 식물이 지나치게 무성해지면 통풍이 되지 않아 흰가루병이 발병할 수 있으니 주의한다.",베고니아과,16~24℃ (최저 13℃),양지~반양지,보통,"포름알데히드·벤젠 등 다양한 공기오염물질 제거, 증산작용","응애, 깍지벌레",중,,녹색 잎을 가진 관엽식물들과 함께 키우면 꽃베고니아의 화려한 색을 디자인으로 활용할 수 있다.,"▶ 곰팡이 균(Botrytis)으로 병든 부분을 자르고 다른 식물과 분리시킨 후 살균제를 분무. 낮은 광도, 과습 상태를 피하 고 환기를 개선해야함 ▶ 잎이 노랗게 되는 원인 : 1) 빛이 너무 적을 경우 2) 물을 너무 많이 주거나 너무 적게 줄 경우 ▶ 잎이 떨어질 때 : 여러 가지 원인이 있을 수 있으므로 다른 증상을 반드시 찾아야 함 1) 줄기가 가늘어 진다면 빛이 충분하지 않은 경우임 2) 잎이 말리고 마른다면 너무 온도가 높은 경우임 3) 잎이 시들고 썩었다면 물을 너무 많이 준 경우임 ▶ 잎 끝이 갈변화 : 공중습도가 너무 낮은 경우 ▶ 잎 색이 연해지고 썩어가고 있을 때 : 과습이 원인일 수 있으므로, 물 주는 양을 조절해야 함 ▶ 잎에 흰색 가루가 반점처럼 있을 때 : 다른 베고니아로부터 분리하여 병든 잎을 잘라내고 살균제를 분무할 것. 지나치게 습하거 나 낮은 온도를 피하고 자주 환기를 해야 함 ▶ 꽃봉오리가 떨어질 때 : 대기 중 공기가 너무 건조하거나 토양이 과습할 경우 ▶ 식물체가 무너질 때 : 몇 가지 문제가 있을 수 있음 1) 과습으로 인한 줄기썩음병 2) 뿌리혹선충 (root knot eelworm) – 뿌리에 부풀어 오른 혹을 찾아봐야 함 3) 바구미류(vine weevil) – 괴경에 벌레로 인하여 터널이 있는지 찾아봐야 함",
얼룩애크메아,Aechmea fasciata,"Vase plant, Urn Plant, Silver Vase plant","얼룩애크메아는 외관이 화려하고 독특하여 시선을 끄는 이 국적인 식물이다. 꽃은 일생에 한번 피는데, 분홍색 포엽이 화려하고, 관상기간이 길다. 로제트형태의 잎은 단단하고 거 친 느낌이며, 은색과 진한 녹색의 줄무늬가 있고 가장자리 에 가시가 있다. 잎들이 로제트형태로 있는 것을 위에서 보 면 물을 담아두는 항아리처럼 보여 영어이름이 'Urn Plant (항아리 식물)'이다. 원래 착생식물로 나뭇가지나 바위 위에 붙어 자란다. 나뭇 가지에 식물체를 붙인 후 수태로 감싸서 철사나 낚시줄로 고정하여 키울 수도 있고, 일반 화분에 심어서 토양에도 키 울 수 있다.",토양표면이 말랐을 때 충분히 물을 준다. 브로맬리아류(Bromeliads)는 식물체 중간에 물이 담겨있어야 꽃이 피는 특징 이 있다.,직사광선 피하고 잎에 자주 분무한다. 너무 건조하면 해충이 발생한다.,파인애플과,12~21℃ (최저 13℃),반양지,보통,공기정화,"응애, 깍지벌레",중,,"파인애플과 식물은 난초과 식물, 다육식물 등과 마찬가지로 밤에 이산화탄소를 흡수하므로 햇빛 이 잘 드는 거실에 두면 좋다.",,
틸란드시아 키아네아,Tillandsia cyanea,"Blue~flowered torch, Pink quill","틸란드시아 키아네아는 에어플랜트(air plant)라 하여 토양 없이 바위나 나무에 붙어 공중에서 수분과 양분을 흡수하 며 자란다. 보통 우리가 아는 틸란드시아 우스네오이데스 (Tillandsia usneoides, 수염틸란드시아) 등과 같이 공중에 걸어서 장식한다. 틸란드시아 키아네아는 폭 1cm, 길이가 30cm인 진한 녹색 의 잎과 그 사이에 올라오는 분홍색 꽃대, 분홍색 포엽사이 로 보라색의 꽃이 핀다. 화려한 분홍색 꽃대는 1개월 이상 유 지되나 보라색 꽃은 오래가지 않는다.",흙에 직접 물을 주는 것보다 잎과 잎 사이의 틈에 고이게 한다.,"반음지에서 잘 자라지만 개화기에는 빛을 많이 받아야 오래 유지되고, 꽃이 잘 핀다.",파인애플과,7~15℃ (최저 3℃),반음지,높은편,포름알데히드·자일렌 제거,"진딧물, 깍지벌레",중,,포름알데히드 및 자일렌 등 새집증후군 원인물 질 제거효과가 탁월하여 거실에 배치하면 좋다.,브로멜리아류(Bromeliads) 문제 발생시 ▶ 옅은 갈색의 반점이 있는 잎이 보일 때: 빛이 너무 과한 경우로 직사광선을 피하고 식 물을 그늘에 둠 ▶ 잎 끝이 갈색으로 변할 때: 공중습도가 너무 건조한 경우. 여름에 자주 분무 ▶ 식물이 죽을 때: 아직 개화 전 식물에 물을 많이 주면 개화 후 식물이 썩고 꽃자루를 품고 죽음,
게발선인장,Zygocactus truncatus,Christmas Cactus,"게발선인장과 가재발선인장은 화려한 꽃을 피우는 매력적 인 실내식물이다. 영명이 크리스마스 선인장과 부활절 선 인장으로 종류가 다르다. 게발선인장(크리스마스 선인장, Christmas Cactus)은 11월 중순부터 1월 말 크리스마스 즈음 에 꽃이 피고, 가재발선인장(부활절 선인장, Easter Cactus) 은 4월이나 5월 부활절 즈음에 꽃이 핀다. 두 식물의 모습은 매우 닮았는데, 게발선인장 잎의 가장자리가 결각이 더 많 고, 가지가 더 늘어진 것을 볼 수 있다. 잎꽂이로 번식한다.",토양의 표면이 약간 마르면 촉촉할 정도로 물은 준다. 분무를 자주 해준다.,"꽃이 피고 난 후에는 시원한 방으로 이동했다가 생육기에 온도, 물, 비료를 점점 증가해서 공 급한다. 용토는 배수가 잘 되도록 마사토를 40%이상 섞고, 매년 분갈이한다.",선인장과,12~27℃ (최저 5℃),반양지,보통,"공기정화, 이산화탄소 흡수","응애, 깍지벌레",중,,잎이 밖으로 늘어져 자라기 때문에 작고 가벼운 화분보다 높이가 있고 묵직한 화분을 추천 한다. 밤에 이산화탄소를 흡수하므로 침실에 놓으면 좋다.,,
가제발선인장,Rhipsalidopsis gaertneri,Easter Cactus,"게발선인장과 가재발선인장은 화려한 꽃을 피우는 매력적 인 실내식물이다. 영명이 크리스마스 선인장과 부활절 선 인장으로 종류가 다르다. 게발선인장(크리스마스 선인장, Christmas Cactus)은 11월 중순부터 1월 말 크리스마스 즈음 에 꽃이 피고, 가재발선인장(부활절 선인장, Easter Cactus) 은 4월이나 5월 부활절 즈음에 꽃이 핀다. 두 식물의 모습은 매우 닮았는데, 게발선인장 잎의 가장자리가 결각이 더 많 고, 가지가 더 늘어진 것을 볼 수 있다. 잎꽂이로 번식한다.",토양의 표면이 약간 마르면 촉촉할 정도로 물은 준다. 분무를 자주 해준다.,"꽃이 피고 난 후에는 시원한 방으로 이동했다가 생육기에 온도, 물, 비료를 점점 증가해서 공 급한다. 용토는 배수가 잘 되도록 마사토를 40%이상 섞고, 매년 분갈이한다.",선인장과,12~27℃ (최저 5℃),반양지,보통,"공기정화, 이산화탄소 흡수","응애, 깍지벌레",중,,잎이 밖으로 늘어져 자라기 때문에 작고 가벼운 화분보다 높이가 있고 묵직한 화분을 추천 한다. 밤에 이산화탄소를 흡수하므로 침실에 놓으면 좋다.,,
줄무늬접란(나비란),Chlorophytum comosum 'Vittatum',Spider Plant,"실내 적응력이 매우 뛰어나 햇빛이나 그늘, 건조 등 대부분 의 환경에서 잘 견디는 편으로 기르기 쉽다. 단, 잎의 크림색 무늬를 유지하려면 밝은 빛이 필요하다. 녹색 바탕에 크림색 줄무늬가 있는 15~30cm 정도의 긴 잎들 이 아치 형태로 늘어진다. 가늘고 길게 자라는 줄기 끝에서 작은 하얀 꽃이 피고, 지고 난 후에는 공중에 떠 있는 형태로 어린 식물이 나온다. 이 어린 식물은 그냥 두어도 되고, 모체 로부터 분리하여 번식시킬 수도 있다. 토양과 수경재배 모두 잘 자란다.","봄~가을에는 토양 표면이 말랐을 때 충분히 물을 주고, 겨울 에는 화분흙이 대부분 말랐을 때 충분히 물을 준다.",건조할 때 잎에 분무하는 등 습도유지가 중요하다. 너무 건 조하면 해충이 발생할 수 있다.,백합과,13~24℃ (최저 10℃),반양지~반음지,보통,"공기정화, 포름알데히드 · 일산화탄소 제거, 휘발성 화학물질 제거, 음이온 발생, 상대습도 증가","응애, 진딧물, 깍지벌레",하,,"덩굴성으로 베란다에서 벽과 천장을 타고 올라가도록 키울 수 있다. 걸이화분으로 장식하면 좋고, 위치를 주기적으로 회전시켜야 형태가 예쁘게 자란다. 포름알데히드와 일산화탄소 제거효과가 좋아 거실이나 주방에 배치하면 좋다.","문제 발생시 ▶ 잎 끝이 갈변할 때 : 1) 물이 부족할 경우 2) 온도가 높은 경우로 손상된 잎 끝을 자름 ▶ 겨울에 잎 색이 옅어지고 힘이 없을 때. 일부 노란색잎이 떨어지는 원인 : 온도가 높고 빛 적을 경우 ▶ 겨울철 잎에 갈색 줄무늬가 생길 때 : 휴면기에 낮은 온도에서 물을 많이 주었을 경우. 겨울철에는 물을 적게 줌 ▶ 잎에 갈색 반점이 생기고 가장자리로 말릴 때. 잎의 일부가 노랗게 되거나 잎이 떨어질 때 : 뿌리 주위의 흙이 말라 건조할 경우. 접란은 왕성하게 자랄 때 물을 충분하게 줘야 함 ▶ 줄기가 나오지 않을 때 : 1) 접란이 너무 어릴 때. 식물이 성숙하기 전에는 줄기가 형성되지 않음 2) 성숙한 접란에 줄기가 없다면, 성장할 공간이 부족할 경우이다. 밀식을 피해야 함",
국화,Chrysanthemum morifolium,Pot Chrysanthemum,대표적 단일식물로 다양한 색상의 꽃이 피는 국화는 개화시기를 조정할 수 있어 가을뿐 아니라 일 년 내내 볼 수 있다. 서늘하고 빛이 충분한 장소에 두면 6~8주간 꽃을 볼 수 있고 꽃이 피는 기간에는 실내에 두고 즐기면 좋다. 공기오염물질 을 제거하는 능력과 실내습도 조절능력도 좋다.,생육기 동안에는 뿌리가 약간 축축할 정도로 충분히 물을 준다.,너무 덥거나 건조하면 충해가 발생할 수 있다.,국화과,16~18℃ (최저 ℃),양지~반양지,보통,"포름알데히드·벤젠 등 다양한 공기오염물질 제거, 음이온 발생, 상대습도 증가","응애, 진딧물",중,,"꽃 색상이 다양해 밝고 화사한 분위기 연출이 가능하여 사무실, 쇼핑몰 등 상업시설에서 사용하면 좋다.",▶ 잎이 시들 때 : 1) 과습일 경우 2) 아주 잠시라도 건조함에 노출될 때도 잎이 시들고 식물체의 아랫 잎들이 떨어짐 ▶ 꽃눈이 피기 전에 떨어질 때 : 1) 꽃눈이 꽃 색을 띠지 않고 모두 녹색인 것을 구입했을 경우 2) 식물을 충분히 빛을 받을 수 있는 곳에 두지 않았을 경우 ▶ 개화기가 짧을 때 : 너무 따뜻한 곳에 있을 때로 국화가 21~24℃ 의 온도에서는 빨리 꽃이 피고 빨리 시듦,
멕시코담쟁이(엘렌 다니카),Cissus rhombifolia 'Ellen Danica',Venezuela treebine,"멕시코담쟁이 '엘렌 다니카'는 덩굴성으로 성장이 아주 빠 르고 우아한 멋을 가지고 있다. 잎 모양이 얼핏 보면 떡갈나 무 잎처럼 보이기도 하고, 포도 잎처럼 보여 영명을 Oakleaf ivy, Grape ivy라 한다. 관리가 쉬운 편이고 잎이 크게 자라 는 편이라 효과적인 공기정화식물이다. 일반화분과 수경재배 모두 잘 자란다.","봄~가을에는 토양을 촉촉하게 유지하고, 겨울에는 물주는 횟수를 줄인다.",직사광선을 피하고 잎에 자주 분무한다. 너무 건조하면 해충이 발생한다.,포도과,18~24℃ (최저 13℃),반양지~반음지,낮은편,"공기정화, 음이온 발생, 상대습도 증가",응애,하,,"공간이 충분할 경우 격자모양의 구조물인 트렐리스를 설치하면 보기에도 좋고, 더 효과적인 공기 정화가 가능하다. 수경재배를 하면 물주는 횟수도 줄일 수 있고, 관리하기도 편리하다.",,
클루시아 로세아,Clusia rosea,Copey,클루시아 로세아는 잎의 증산이 활발하고 공기정화 능력도 우수한 식물이다. Autograph tree라는 별칭이 있을 정도로 잎에 글씨를 쓸 수 있을 것 같이 윤기가 나고 매끈하다. 웃자 람 없이 키우려면 하루에 적어도 3~4시간 정도 밝은 곳에 두 는 것이 필요하다. 병충해에 강하고 성장속도가 느린 편이어서 관리가 쉬우나 추위에 약하고 환기를 필요로 한다. 가지를 잘라 물꽂이를 하여 번식한다. 꽃과 열매에 독성이 있어 주의해야 한다.,토양표면이 마르면 충분히 물을 주지만 약간 건조한 편으 로 관리한다.,가지치기를 하지 않으면 웃자라 주변 식물에 영향을 준다. 1년에 한번 정도 가지치기를 해서 단정한 수형을 유지하면 좋다. 빛이 부족하면 잎에 윤기가 사라지고 성장이 더디어 진다. 배수가 좋은 흙에 식재해야 하고 환기가 잘 되지 않으면 해충이 생기기 쉬우니 주의한다. 내한성이 약하므로 겨울철 추위에 주의한다.,물레나물과,16~29℃ (최저 10℃),반양지~반음지,낮거나 보통,공기정화,깍지벌레,하,"잎, 열매",햇빛에 강해 거실 창가에 두어도 잘 자란다.,,
크로톤,Codiaeum variegatum,Croton Garden,"잎의 독특한 색감과 무늬가 다른 녹색의 관엽식물 사이에서 포인트가 된다. 크로톤은 강한 직사광선을 피해야 하고, 보 통 양지에서 반음지가 적당하며 빛이 부족하면 선명한 색감 도 옅어진다. 새로 나온 잎은 녹색이나 시간이 지남에 따라 색상이 변한다. 수액에 독성이 있으므로 주의한다.","봄~가을에는 토양 표면이 말랐을 때 충분히 물을 주고, 겨울 에는 화분흙이 대부분 말랐을 때 충분히 물을 준다.",건조할 때 잎에 분무한다. 가지치기를 하지 않으면 웃자라 주변 식물에 영향을 준다.,대극과,21~25℃ (최저 15℃),양지~반음지,높은편,공기정화,"응애, 개각충, 깍지벌레",중,식물 모든 부분,,"▶ 하단 잎이 떨어질 때: 1) 상단에 잎이 갈변화하면, 공기나 토양이 너무 건조하기 때문임 2) 가장자리가 갈변했다면, 온도가 매우 낮기 때문임 ▶ 잎이 변색되었을 때: 빛이 충분하지 않을 때임",
시클라멘,Cyclamen persicum,CyclamenFlorist's,"시클라멘은 괴경인 구근식물로 늦가을부터 초봄까지 우아 하고 화사한 꽃을 피우는 식물이다. 한 줄기 끝에 하나의 꽃 이 피며, 색상도 보라색, 분홍색, 흰색, 빨간색 등으로 다양하 다. 은색과 진한 녹색으로 무늬가 그려진 하트모양의 잎과 그 무성한 잎들 사이에서 꽃대가 솟아올라 피는 꽃이 독특한 화형을 지니고 있고 매우 화려하고 아름답다. 약 15여 종이 있는데 그 중에서 Cyclamen persicum이 실내에서 가장 많 이 이용된다. 원래 산악지대의 산림지역에서 서식하였기 때 문에 시원하고 공기순환이 잘 되는 곳을 좋아한다.","가을~봄에는 토양을 촉촉하게 관리하고 휴면기인 여름에는 약간 습한 상태로 유지한다. 물을 줄 때 잎과 구근에 닿지 않 도록 하고, 아침에 저면관수를 하는 것이 좋다.",생육적온이 20℃ 내외로 여름철 고온기에는 서늘한 곳에 둔다.,앵초과,16~22℃ (최저 7℃),반양지,보통,"공기정화, 음이온 발생, 상대습도 증가","진딧물, 응애, 온실가루이",상,,"시클라멘을 구입할 때 꽃봉오리에 색이 약간 보이 는 것을 고른다. 꽃이 필 때는 난방기 등이 직접 닿지 않는 곳에 두 고, 꽃이 진 뒤에는 서늘하게 보관한다.",▶ 개화기가 짧을 때 : 온도가 높고 공기가 건조하고 적절하지 않은 방 법으로 물을 주었을 경우. 성장기와 개화기에 주 기적으로 비료를 줘야함 ▶ 잎이 뒤틀리고 성장이 저해될 때 : 해충이 생겼는지 확인,
디펜바키아 콤팍타,Dieffenbachia 'Compacta',Dumb Cane,"디펜바키아 '콤팍타'(Dieffenbachia 'Compacta')는 최대 60cm까지 자라는 왜성종으로 녹색과 흰색 또는 녹색과 크 림색의 무늬가 인상적이다. 생장이 너무 빠르고 빛이 비추는 쪽으로 휘는 굴광성을 가지고 있다. 디펜바키아의 모든 종 들의 영명은 'Dumb Cane (말문이 막히는 줄기)'라 불린다. 이는 수액성분인 옥살산칼슘에서 유래되었는데, 디펜바키 아속 식물들은 전 부위에 독성물질을 함유하고 있어 식물의 일부를 떼어내어 입에 넣고 씹으면 일시적으로 혀와 성대가 마비되는 현상이 나타난다. 수형을 위해 전정을 해주면 금방 새로운 잎이 나온다. 전정 시 수액이 나오므로 주의해야 한다. 잎의 표면적이 넓기 때 문에 실내공기를 정화하고 증산율이 좋아 공기 중에 수분을 잘 공급한다. 수경재배에서도 잘 자란다.","토양을 촉촉하게 유지하고, 겨울에는 물주는 횟수를 줄인다. 분무를 자주 해주면 좋다.","일반적으로 환경에 잘 적응하는 편이지만, 너무 어두운 곳에서 키우면 잎 색이 옅어진다. 건 조하지 않게 분무를 자주 해주고 외풍에 약하므로 찬바람을 차단해야 한다.",천남성과,16~27℃ (최저 9℃),반양지~반음지,보통,"포름알데히드· 일산화탄소 제거, 음이온 발생, 상대습도 증가","응애, 깍지벌레, 진딧물, 총채벌레",중,식물 모든 부분,"디펜바키아 품종은 포름알데히드와 일산화탄소 제거 효과가 좋고, 상대습도 증가효과가 좋 아 거실에 배치하면 좋은 식물이다.",,
디펜바키아 마리안느,Dieffenbachia 'Marrianne',"Dumb Cane, Dieffenbachia maculata","디펜바키아 '마리안느'는 잎이 크고 꽃처럼 화사하여 실내식 물로 많이 활용하는 식물로 잎의 표면적이 넓기 때문에 공기 를 정화하고 증산율이 좋아 공기 중 수분을 잘 공급한다. 생 장이 빠르고 빛이 비추는 쪽으로 휘는 굴광성을 가지고 있으 며, 전정을 해주면 금방 새로운 잎이 나온다. 디펜바키아속 식물들은 전 부위에 독성물질을 함유하고 있 어 전정 시 수액이 피부에 닿지 않도록 주의해야 한다. 수경 재배에서도 잘 자란다.","토양을 촉촉하게 유지하고, 겨울에는 물주는 횟수를 줄인다. 분무를 자주 해주면 좋다.","일반적으로 환경에 잘 적응하는 편이지만, 너무 어두운 곳에 서 키우면 잎 색이 옅어진다. 건조하지 않게 분무를 자주 해 주고 외풍에 약하므로 찬바람을 차단해야 한다.",천남성과,16~29℃ (최저 8℃),반양지~반음지,보통,"포름알데히드 제거, 음이온 발생, 상대습도 증가","응애, 깍지벌레, 진딧물, 총채벌레",중,식물 모든 부분,디펜바키아는 포름알데히드 제거 효과가 가장 우수한 식물이다.,"디펜바키아속(Diffenbachia) 문제 발생시 ▶ 잎 색이 사라질 때 : 직사광선이나 지나친 빛은 잎의 무늬를 흐리게 하므로 차광이 필요함 ▶ 줄기 아래가 물러지고 잎 색이 사라질 때 : 줄기썩음병. 물을 지나치게 많이 주거나 온도가 낮을 경우 손상이 경미할 때는 손상 부위 를 자른 후 카르벤다짐(Carbendazim)을 살포하고 다시 식재함. 손상이 심할 경우 절단 후 에 상부는 삽수로 사용하고, 나머지는 폐기해야 함 ▶ 잎 색이 옅어지고 얼룩이 생길 때, 잎 가장자리가 갈색이 되고 쉽게 부서질 때 : 여름에 큰 식물은 물을 자주 주어야 함 ▶ 잎이 떨어질 때 : 어린잎이 떨어지는 대부분의 이유는 찬바람, 건조한 공중습도, 낮은 온도 때문임. 오래된 잎은 자연적으로 떨어질 수 있음 ▶ 아래쪽 잎이 노랗게 되고 시들 때 : 겨울철 실내온도가 낮거나 찬바람을 맞을 때, 생존할 수 있으나 식물이 힘들어함 ▶ 잎의 가장자리가 갈색으로 변할 때 : 1) 화분의 흙이 지속적으로 젖어 있을 경우 2) 추운 경우도 비슷한 현상을 보일 수 있음",
행운목 마상게아나,Dracaena fragrans 'Massangeana',Corn plant,"행운목으로 알려진 행운목 '마상게아나'는 햇빛을 좋아하지 만 어두운 곳에서도 잘 자라고 식물의 잎 모양이 옥수수 잎 과 닮아 영어 이름은 'Corn plant'다. 성장하면서 줄기는 목 질화되어 나무처럼 딱딱해지고, 잎은 줄기 끝부분에서 자란 다. 실내에서 3m까지 자랄 수 있는데, 줄기 윗부분을 20㎝ 정도 잘라주면, 노화된 나무의 경우 원기 회복에 도움이 된 다. 일반적인 배합토에서 잘 자라고 수경재배도 잘 자란다. 독성이 있어 애완동물에게 해로울 수 있으니 주의한다.","봄~가을에는 토양 표면이 말랐을 때 충분히 물을 주고, 겨울 에는 화분흙이 대부분 말랐을 때 충분히 물을 준다.",직사광선을 피하고 잎에 자주 분무한다. 추위에 약하므로 겨울철 베란다에서 실내로 들여보낸다. 너무 건조하면 해충이 발생한다.,백합과,16~24℃ (최저 13℃),반음지,보통,"포름알데히드·벤젠 등 다양한 공기오염물질 제거, 음이온 발생, 상대습도 증가","응애, 깍지벌레",하,식물 모든 부분,상대습도 증가와 음이온 발생량이 많은 식물로 거실에 두면 건조한 계절에 실내 습도를 높 이는 천연 가습효과를 기대할 수 있다.,,
행운목 와르네케이,Dracaena fragrans 'Warneckei',"Striped Dracaena, Dragon Tree","아프라카 열대지역이 원산지인 행운목 '와르네케이'는 잎색 이 녹색, 연두색, 노란색, 흰색 등 다양할 뿐만 아니라 잎의 줄무늬가 특징인 관엽식물이다. 낮은 광도에서도 잘 자라고 실내공기 오염물질을 효과적으로 제거하기 때문에 실내조 경에 자주 사용한다. 보통 가정이나 사무실에서는 1m 안팎 으로 자라지만 환경이 좋으면 3m까지 자란다. 독성이 있어 애완동물이 있으면 주의한다. 배수성이 좋은 용토에서 잘 자라고, 수경재배를 할 수 있다.","봄~가을에는 토양 표면이 말랐을 때 충분히 물을 주고, 여름 에는 다습한 환경을 좋아한다. 겨울에는 화분흙이 대부분 말 랐을 때 충분히 물을 주는데 실내온도와 비슷한 온도의 물 을 주는 것이 좋다.",직사광선을 피하고 잎에 자주 분무한다. 온도가 너무 낮거나 습도 높을 경우 뿌리썩음병이 발생할 수 있다. 공중습도가 너무 건조하면 해충이 발생한다. 잎이 갈변하면 가위로 잎 끝을 잘라 정상적인 잎 모양으로 잘 다듬어 준다.,백합과,16~24℃ (최저 13℃),반음지,낮거나 보통,"벤젠 등 다양한 공기오염물질 제거, 음이온 발생, 상대습도 증가","응애, 깍지벌레",하,식물 모든 부분,"뿌리가 많이 발달하지 않아 휘발성 유기화합물 제거 능력이 낮은 편이다. 그러나 음이온 발 생량이 많고, 실내습도 조절이 가능한 큰 식물로 거실에 두면 건조한 계절에 실내습도를 높 일 수 있다.",,
마지나타 드라세나,Dracaena reflexa var. angustifolia,"Madagascar dragon tree, Red edged Dracaena","마지나타 드라세나는 1960년대 초에 처음 실내식물로 재배 되기 시작하였다. 환경 적응력이 뛰어나 실내 환경에 잘 적 응하고 키우기가 쉬워 많이 알려진 품종이다. 곧은 가지 끝 에 길고 가느다란 잎이 다발형태로 자라고 광택이 나는 잎의 가장자리에 붉은색으로 띠가 있는 것이 특징이다. 다양한 공 기오염물질을 제거하고 병충해에 강하지만, 겨울철에 난방 등으로 실내가 지나치게 건조하면 충해가 발생할 수 있다. 꺾꽂이, 포기나누기 등으로 번식할 수 있으며 수경재배로 도 잘 자란다.","봄~가을에는 토양 표면이 말랐을 때 충분히 물을 주고, 겨울 에는 화분흙이 대부분 말랐을 때 충분히 물을 준다.",직사광선을 피하고 잎에 자주 분무한다. 너무 건조하면 해충이 발생한다.,백합과,16~24℃ (최저 13℃),반양지~반음지,보통,크실렌 등 다양한 공기오염 물질 제거,응애,하,,"마지나타 드라세나는 실내 환경에 잘 적응하고 튼튼하여 건물 로비나 현관, 공공건물의 아 트리움 등에 배치하면 좋다.",,
산데리아나 드라세나,Dracaena sanderiana,Ribbon plant,"일반적으로 드라세나종은 햇빛이 너무 강하거나 혹은 하루 종일 어두운 곳만 아니라면 어디서든 잘 자란다. 그러나 종 류에 따라 상대적으로 빛을 선호하거나 그렇지 않은 경우가 있는데, 산데리아나는 빛을 선호하는 편이다. 한낮의 직사광 선은 피하고 3시간 정도는 햇빛을 볼 수 있는 장소에 배치 하는 것이 좋다. 그렇지 않으면 잎의 밝은 부분 선명도가 점 차 떨어지게 된다. 실내 습도가 낮으면 잎 끝이 마르므로 3~4일에 한 번씩 잎에 분무를 해주면 좋다. 독성이 있으므로 어린아이나 애완동물의 주의가 필요하다.",겨울철에 찬 수돗물은 잎을 노랗게 변하게 하므로 하루쯤 받 아 둔 물을 준다. 실내가 건조할 때 잎에 분무하면 잎도 싱싱 해지고 병충해 피해도 줄일 수 있다.,직사광선 피하고 건조할 때 잎에 자주 분무한다.,백합과,21~25℃ (최저 13℃),"반양지, 반음지",보통,공기정화,"응애, 깍지벌레, 총채벌레",하,식물 모든 부분,,"드라세나속(Dracaena) 문제 발생시 ▶ 잎 끝이 갈색이고 잎 가장자리가 노랗게 변할 때: 1) 공기가 너무 건조할 경우. 드라세나속 식물은 촉촉한 토양과 공중습도가 높은 것을 좋아 하므로 주기적으로 분무 2) 냉풍, 건조한 환경 및 물을 적게 주었을 경우 3) 뿌리가 건조함이 원인일 경우로 잎에 갈색 반점이 동반함 ▶ 잎 가장자리가 갈색이고, 잎이 말리고 연해질 때: 온도가 매우 낮은 경우로 갑자기 이런 문제가 발생하면 겨울철 저녁에 화분을 창문 가까이 두지 않도록 함 ▶ 나뭇잎이 노란색으로 변한 다음 떨어질 때: 생물학적으로 잎의 수명이 정해져 있기 때문에 잎의 노화하는 자연스러운 현상임. 각각의 잎이 노랗게 변하고 약 2년 후에 고사함 ▶ 갈색 점이 잎에 나타날 때: 물을 적게 줄 경우로 토양을 촉촉하게 유지해야 함 ▶ 식물이 고사할 때: (1) 겨울에 물을 많이 줄 경우 (2) 식물이 너무 추운 장소에 있을 경우 ▶ 잎이 변색되고 마르는 부분이 생길 때: 과도한 빛 때문으로 그늘진 곳으로 이동시킴",
스킨답서스,Epipremnum aureum,Pothos Golden,실내식물 중에서 관리가 쉽고 잘 자라는 식물로 병해충에 대한 강한 저항력과 공기 정화 능 력을 가지고 있다. 여러 무늬종들이 있으며 밝은 형광 색상의 잎을 가진 라임스킨답서스(Epipremnum aureum 'Neon')가 경쾌한 느낌으로 인기가 많다. 반음지에서 잘 자라며 겨울철에는 충분한 빛을 주고 물은 적게 준다. 수경재배가 가능하여 줄기를 잘라 물꽂이하여 재배한다. 칼슘옥살레이트 성분을 가지고 있어 애완동물에게는 독성이 있고 인체 피부나 점막을 자 극할 수 있으니 유의한다.,봄~가을에는 토양 표면이 말랐을 때 충분히 물을 주고 겨울에는 화분흙이 대부분 말랐을 때 충분히 물을 준다.,"약 40m 길이까지 자랄 수 있는 덩굴성이고, 줄기 끝을 잘라주면 길이 생장은 지연되지만 잎 이 많이 나와 풍성해진다. 다른 식물의 생장을 방해하는 덩굴은 제거한다. 뿌리가 과습하여 생기는 뿌리썩음병을 조심한다.",두릅나무과,16~20 ℃ (최저 5 ℃),반양지,"보통, 잎에 자주 분무","공기정화, 음이온·습도 발생량 많음, 톨루엔·포름알데히드 제거","응애, 깍지벌레",하,식물 모든 부분,"일산화탄소 제거 기능이 우수하고 어두운 곳에서도 잘 적응 하기 때문에 주방의 기능성 식물로 알려졌다. 벽이나 기둥을 타고 오르게 할 수 있고, 걸이화분을 활용하도 좋다.","▶ 잎이 노랗게 변하고 떨어질 때, 줄기가 썩을 때: 겨울에 물을 너무 많이 주었을 경우로 토양이 과습한 환경 은 좋지 않음 ▶ 잎 끝이 갈변하고 쪼그라들 때: 공기가 너무 건조한 것이 원인. 주기적으로 잎에 분무 ▶ 잎 끝이 갈변하거나 잎 표면의 갈색 반점 원인: 성장기에 물을 적게 줄 때임. 물은 토양 표면이 말랐을 때 주는 정도로 주기를 정하고 뿌리가 마르지 않도록 해야 함",
라임 스킨답서스,Epipremnum aureum 'Neon',Devil's ivy,실내식물 중에서 관리가 쉽고 잘 자라는 식물로 병해충에 대한 강한 저항력과 공기 정화 능 력을 가지고 있다. 여러 무늬종들이 있으며 밝은 형광 색상의 잎을 가진 라임스킨답서스(Epipremnum aureum 'Neon')가 경쾌한 느낌으로 인기가 많다. 반음지에서 잘 자라며 겨울철에는 충분한 빛을 주고 물은 적게 준다. 수경재배가 가능하여 줄기를 잘라 물꽂이하여 재배한다. 칼슘옥살레이트 성분을 가지고 있어 애완동물에게는 독성이 있고 인체 피부나 점막을 자 극할 수 있으니 유의한다.,봄~가을에는 토양 표면이 말랐을 때 충분히 물을 주고 겨울에는 화분흙이 대부분 말랐을 때 충분히 물을 준다.,"약 40m 길이까지 자랄 수 있는 덩굴성이고, 줄기 끝을 잘라주면 길이 생장은 지연되지만 잎 이 많이 나와 풍성해진다. 다른 식물의 생장을 방해하는 덩굴은 제거한다. 뿌리가 과습하여 생기는 뿌리썩음병을 조심한다.",두릅나무과,16~20 ℃ (최저 5 ℃),반양지,"보통, 잎에 자주 분무","공기정화, 음이온·습도 발생량 많음, 톨루엔·포름알데히드 제거","응애, 깍지벌레",하,식물 모든 부분,"일산화탄소 제거 기능이 우수하고 어두운 곳에서도 잘 적응 하기 때문에 주방의 기능성 식물로 알려졌다. 벽이나 기둥을 타고 오르게 할 수 있고, 걸이화분을 활용하도 좋다.","▶ 잎이 노랗게 변하고 떨어질 때, 줄기가 썩을 때: 겨울에 물을 너무 많이 주었을 경우로 토양이 과습한 환경 은 좋지 않음 ▶ 잎 끝이 갈변하고 쪼그라들 때: 공기가 너무 건조한 것이 원인. 주기적으로 잎에 분무 ▶ 잎 끝이 갈변하거나 잎 표면의 갈색 반점 원인: 성장기에 물을 적게 줄 때임. 물은 토양 표면이 말랐을 때 주는 정도로 주기를 정하고 뿌리가 마르지 않도록 해야 함",
사철나무,Euonymus japonicus 'Ovatus Aureus',Spindle Tree Japanese,"한국, 일본 등지에 분포한다. 원예종으로 잎 색상이 화려하 여 화분, 정원수, 꽃꽂이 소재 등으로 많이 사용한다. 번식은 종자나 꺾꽂이로 한다",겉흙이 말랐을 때 물을 충분히 준다.,직사광선을 피한다.,노박덩굴과,16~20℃ (최저 0℃),반양지,보통,공기정화,"응애, 깍지벌레",하,,,,
스플렌덴스 꽃기린,Euphorbia milii var. splendens,"Christ's Thorn, Crown of Thorns","꽃이 솟아 오른 모양이 기린을 닮았다고 하여 꽃기린이라는 이름이 붙었다. 빨간색, 연노란색, 흰색, 주황색 등 꽃 색상이 다양해 취향에 따라 선택할 수 있다. 줄기에 홈이 있고 날카 로운 가시로 덮여있어 가시에 주의해야 한다. 파종과 꺾꽂이로 번식하는데 보통 봄에 하는 것이 좋다. 꺾꽂이를 할 때 절단면에서 흐르는 흰색 액체를 깨끗이 씻어 낸 후 흙에 꽂으면 된다.",화분흙이 마르면 물을 충분히 준다. 겨울은 다른 계절에 비 해 적게 물을 준다. 건조에 강하다.,"가지치기를 하지 않으면 웃자라 주변 식물의 생장에 영향을 준다. 저온과 건조 상태에서는 잎이 떨어지는 현상이 있어 수분을 연중 유지해야 한다. 용토는 모래와 부엽(피트모스) 등을 배합하여 배수성과 보 수성이 좋게한다. 분갈이는 봄에 필요한 경우에 실시한다. 추위에 강해 3~5℃에서 월동이 가능하나, 겨울철에도 개화를 계속시키고자 할 때에는 10℃ 이상 보온이 필요하다. 일년내내 꽃을 피우는 성질 이 강하나 빛이 부족하거나 저온과 건조에서는 낙 엽이 지고 개화가 불량해진다.",대극과,18~25℃ (최저 7℃),"양지, 반양지",낮거나 보통,음이온 방출,"응애, 총채벌레, 깍지벌레",중,흰색 수액에 독성 함유,"다육식물은 난과식물, 파인애플과 식물과 마찬가 지로 밤에 이산화탄소를 흡수하므로 꽃이 피었을 때는 햇빛이 잘 드는 침실에 두면 좋다. 햇볕이 잘 드는 곳에 키우면 튼튼하게 자라고 꽃도 오래 감 상할 수 있다.",,
포인세티아,Euphorbia pulcherrima,Poinsettia,"멕시코 남부가 원산지인 포인세티아는 보통 겨울철에 가장 인기 있는 식물로 화려한 포엽 이 매력적인 식물이다. 1900년대 초에 상업적으로 재배되기 시작했으며, 새로운 품종이 계속 개발되어 식물 아래 부분의 잎은 녹색이지만 위로 갈수록 다양한 색과 문양이 있어 다양하고 화려하게 연출 할 수 있다.","봄~가을에는 토양 표면이 말랐을 때 충분히 물을 주고, 겨울에는 화분흙이 대부분 말랐을 때 충분히 물을 준다.",봄~한여름까지는 포인세티아의 휴식기이므로 물을 적게 준다. 과습하면 뿌리썩음병이 발생할 수 있다. 흙이 말랐을 때 물을 충분히 준다.,대극과,18~21℃ (최저 13℃),"반음지, 반양지",보통,공기정화,"응애, 깍지벌레",상,흰색 수액에 독성 함유,"다음 크리스마스에도 포인세티아 꽃피우는 법 1) 잎이 떨어지면 줄기를 10cm 높이로 자른다. 2) 토양은 건조하게 관리하고 화분을 따뜻하고 그늘진 곳에 둔다. 5월 초순에 물을 주고 식물을 다시 심어서 오래된 토양을 교체한다. 3) 물을 계속 주면 곧 새싹이 나는데 정기적으로 영양을 공 급하면서 새 순을 제거하여 4~5개의 건강한 새 줄기만 남긴다. 4) 포인세티아는 단일식물로 9월 말부터는 관리가 필요하 다. 이른 저녁부터 다음 날 아침까지 14시간 정도를 8주 동안 검은 비닐을 씌워 차광하고, 그 이후 정상적으로 관리한다.","▶ 포엽이 떨어졌을 때, 잎 가장자리가 노랗게 되거나 갈변 될 때 : 실내가 따뜻하고 대기가 건조할 경우. 포인세티아는 공중 습도가 높은 것을 좋아하므로 잎에 자주 분무 ▶ 잎이 시들어서 떨어질 때 : 과습의 가능성이 있으므로 물을 주기 전 토양의 표면을 말려야 함. 뿌리 주변의 토양이 건조할 때 물을 주지 않으면 잎이 시들고 떨어짐 ▶ 잎이 시들지 않고 떨어질 때 : 1) 온도가 너무 낮거나 높은 경우로 찬바람에 노출되면 잎이 갑자기 떨어짐 2) 빛이 약할 경우",
팔손이,Fatsia japonica,Japensse Aralia,다양한 조건에서 잘 자라는 팔손이는 시원하고 통풍이 잘되는 밝은 환경을 더 좋아한다. 대표적인 공기정화 자생식물로 남해안에서는 노지에서 월동하며 11월 경에 꽃이 피는데 흰 색 꽃이 둥글게 우산모양으로 가지 끝에 달린다. 열매는 꽃이 진 후에 다음 해 5월경에 둥글 고 까만 것들이 여러 개 모여 달린다. 중부 지방에서는 실내식물로 많이 이용된다. 팔손이는 영국 빅토리아 시대부터 인기있는 관엽식물로 동양적인 느낌을 주기 위한 식물로 사용하기도 한다. 수분과 양분을 잘 공급하면 몇 년 안에 약 1m까지 성장한다.,"겉흙이 말랐을 때 물을 충분히 주며 약간 건조한 듯이 관리한다. 봄~가을은 정기적으로 주고 겨울에는 적게 준다. 공중습도는 높은 편이 좋으므로 잎에 자주 분무한다. 단, 토양이 과습하 면 뿌리썩음병이 발생할 수 있다.",직사광선을 피한다. 낮은 온도나 물주는 시기가 너무 지연될 경우 잎이 아래로 처질 수 있다.,두릅나무과,16~20℃ (최저 5℃),반양지,보통,"음이온·습도 발생량 많음, 톨루엔·포름알데히드 제거, 공기정화","응애, 깍지벌레",하,,팔손이는 가구에서 나오는 휘발성 물질을 잘 제거하므로 큰 식물의 경우 거실이나 베란다에 두면 좋다. 또한 습도 발생 량이 우수하고 음이온 배출이 많아 집중력 향상에 도움을 주 므로 작은 화분의 경우 공부방에 놓아 활용한다.,"잎이 노란색으로 변한 다음 떨어질 때 : (1) 토양이 너무 과습하여 잎 색이 변하고 시들어 떨어짐 (2) 팔손이를 고온에 방치하면 잎 색이 변하고 부서져 떨어짐. ▶ 잎이 쪼글쪼글해질 때 : 공기가 너무 건조하거나 잎이 직사광선에 노출된 경우로 그늘이 만들어 주는 것이 필요함 ▶ 잎 색이 옅어지고 얼룩이 생길 때, 및 잎 가장자리가 갈변 되고 쉽게 부서질 때 : 물을 적게 줄 경우로 큰 식물은 여름에도 자주 물을 줄 필요가 있음",
파초일엽,Asplenium antiquum,Bird's-nest fern,"세계적으로 각광받고 있는 실내식물 중 하나로 시원하게 뻗은 잎과 물결치는 듯한 잎의 가장자리가 매력적이다. 실내에서 화분에 심거나, 나무에 착생시켜 관상하기도 한다. 보통 시중에는 둥지파초일엽(Asplenium nidus)이 아비스고 사리로 유통된다.","토양 표면이 마르면 충분히 물을 주고, 분무를 통해 습하게 유지한다.",수태나 부식토에서 잘 자란다. 충분히 물을 주고 습도 유지가 중요하다. 건조할 때 잎에 분무한다.,꼬리고사리과,21~25℃ (최저 8℃),"반양지, 반음지",높은편,포름알데히드 제거,"응애, 깍지벌레",하,,빛이 부족하고 습도가 높은 주방에서 키우기 좋다.,,
아비스고사리,Asplenium nidus,Bird's-nest fern,"세계적으로 각광받고 있는 실내식물 중 하나로 시원하게 뻗은 잎과 물결치는 듯한 잎의 가장자리가 매력적이다. 실내에서 화분에 심거나, 나무에 착생시켜 관상하기도 한다. 보통 시중에는 둥지파초일엽(Asplenium nidus)이 아비스고 사리로 유통된다.","토양 표면이 마르면 충분히 물을 주고, 분무를 통해 습하게 유지한다.",수태나 부식토에서 잘 자란다. 충분히 물을 주고 습도 유지가 중요하다. 건조할 때 잎에 분무한다.,꼬리고사리과,21~25℃ (최저 8℃),"반양지, 반음지",높은편,포름알데히드 제거,"응애, 깍지벌레",하,,빛이 부족하고 습도가 높은 주방에서 키우기 좋다.,,
블루스타 고사리,Phlebodium aureum 'Blue Star',"Golden polypody , Blue~star fern , Hare~foot fern","푸른빛이 도는 파스텔 톤의 잎 색깔과 모양이 아름다워 인 기가 많다. 열대지방의 나무에 착생해서 자라는 식물로 반그 늘과 일반적인 실내온도에서 잘 자란다. 착생식물로 분갈이를 자주할 필요는 없고, 흙에 심을 경우 배수가 아주 좋아야 한다. 비료도 많이 필요없지만 성장기에 묽게 준다. 포기나누기, 포자로 번식한다.","겉흙이 마르면 충분히 물을 주고, 분무를 통해 습하게 유지한다.",직사광선에 두면 잎 끝이 탈 수 있으니 주의한다. 습도 유지가 중요하므로 건조할 때 잎에 분무해야 한다. 물이 부족하면 잎 끝이 검게 변한다. 갑자기 잎이 노랗게 변하면 뿌리가 화분에 꽉 찼거나 흙 속에 영양분이 없다는 뜻이라 분갈 이가 필요하다.,고란초과,16~24℃ (최저 5℃),"양지, 반음지",높은편,"공기정화, 습도유지","응애, 깍지벌레",중,,빛이 부족하고 습도가 높은 주방에서 키우면 좋다.,,
보스톤고사리,Nephrolepis exaltata,Boston fern,"보스톤고사리는 분수같이 아치형으로 떨어지는 잎 모양이 풍성하고 싱그러워 많은 사랑을 받고 있는 실내식물이다. 습도가 높은 숲이나 습지의 반양지 같은 습한 곳에 자생하는 식물이므로 실내재배 시 물이 부족하면 잎 끝이 갈색으로 변 하거나 떨어지니 충분히 분무해줘야 한다. 실내재배 시 봄과 가을에 충분한 햇빛을 받아야 포기가 바르 게 자라고 잎의 색도 진해진다. 자연종은 포자로, 재배종은 포기나누기를 통하여 번식하며 수경재배도 가능하다.","봄~가을은 물에 잠기지 않도록 배수에 주의하고, 흙을 촉촉 하게 유지한다. 겨울에는 토양 표면이 말랐을 때 충분히 물 을 준다.","건조할 때 잎에 분무하여 습도를 유지하는 것이 중요하다. 유기질이 풍부한 화분용 배합토에서 잘 자라고, 뿌리가 화분 가득히 뻗어있는 것이 이상적이 다. 한여름의 직사광선은 피하고 습도유지가 되어야 잘 자란다.",줄고사리과,15~35℃ (최저 13℃),반양지,보통,"공기정화, 포름알데히드 제거, 상대습도 증가","응애, 진딧물, 깍지벌레, 온실가루이",중,,잎의 선이 아름다운 식물로 걸이화분이나 받침대가 있는 화분에 심어 조금 높은 위치에 놓 으면 더 멋있게 볼 수 있다.,,
기붐새깃아재비(실버레이디),Blechnum gibbum,Miniature Tree Fern,"열대지방에서 서식하는 식물답게 고온 다습한 관경에서는 잘 자라지만, 직사광선과 추위에는 약하다.","토양표면이 마르면 충분히 물을 주고, 분무 등을 통해 공중 습도를 높게 유지한다.",습도 유지가 중요하므로 건조할 때 잎에 분무해야 한다. 실내에서 키울 경우 20℃ 정도를 유지해야 하고 환기가 잘 되는 곳에 배치한다.,새깃아재비과,10~30℃ (최저 10℃),반음지,높은편,"미세먼지 제거, 공기정화, 포름알데히드 제거","깍지벌레, 가루깍지벌레",중,,,,
상록넉줄고사리'후마타',Davallia griffithiana (Humata tyermannii),Squirrel's-foot fern,넉줄고사리는 우리나라에 자생하는 식물로 바위나 나무에 붙어 자라는 다년생 양치식물로 높이가 20cm 정도이다. 번 식이 빠르게 잘되어 관리를 잘하면 연중 초록의 싱그러움을 볼 수 있다. 뿌리줄기의 모양이 독특하고 매력적이다. 반음 지에서 잘 자라지만 적당한 빛이 있어야 튼튼하게 자라고 오 랫동안 한 방향으로만 햇빛을 받으면 잎이 한쪽으로 치우치 므로 주기적으로 돌려가며 키운다. 시중에서는 후마타고사리가 유통되는데 흙 위로 올라온 발 처럼 생긴 근경의 모양이 독특하고 매력적이다.,"고사리과 식물들은 흙이 습한 것보다 공중습도가 높은 환경 을 좋아한다. 봄~가을 흙을 물에 잠기지 않고 촉촉하게 유지 하고, 겨울에는 토양 표면이 말랐을 때 충분히 물을 준다. 건 조하지 않도록 자주 분무한다.",너무 건조하면 해충이 발생하므로 자주 분무하여 공중습도를 건조하지 않게 유지한다. 반음 지에서 잘 자라며 흙 위에 올라 온 근경만 살아있으면 언제든지 새순을 낼 수 있다.,넉줄고사리과,20-25℃ (최저 3℃),반음지,높은편,"포름알데히드·톨루엔 등 제거, 음이온 발생, 상대습도 증가, 이산화탄소 감소","응애, 온실가루이",하,,"양치식물은 포름알데히드 제거능력이 우수한 편이고, 넉줄고사리는 양치식물 중에서도 포 름알데히드 제거능력이 가장 탁월하다. 음이온이 발생하고 실내습도를 조절할 수 있어 거 실에 두면 좋다. 거실에 배치할 때 큰 화분의 지피식물로 활용하면 공기정화능력을 향상 시 킬 수 있다.",,
넉줄고사리,Davallia mariesii,Squirrel's-foot fern,넉줄고사리는 우리나라에 자생하는 식물로 바위나 나무에 붙어 자라는 다년생 양치식물로 높이가 20cm 정도이다. 번 식이 빠르게 잘되어 관리를 잘하면 연중 초록의 싱그러움을 볼 수 있다. 뿌리줄기의 모양이 독특하고 매력적이다. 반음 지에서 잘 자라지만 적당한 빛이 있어야 튼튼하게 자라고 오 랫동안 한 방향으로만 햇빛을 받으면 잎이 한쪽으로 치우치 므로 주기적으로 돌려가며 키운다. 시중에서는 후마타고사리가 유통되는데 흙 위로 올라온 발 처럼 생긴 근경의 모양이 독특하고 매력적이다.,"고사리과 식물들은 흙이 습한 것보다 공중습도가 높은 환경 을 좋아한다. 봄~가을 흙을 물에 잠기지 않고 촉촉하게 유지 하고, 겨울에는 토양 표면이 말랐을 때 충분히 물을 준다. 건 조하지 않도록 자주 분무한다.",너무 건조하면 해충이 발생하므로 자주 분무하여 공중습도를 건조하지 않게 유지한다. 반음 지에서 잘 자라며 흙 위에 올라 온 근경만 살아있으면 언제든지 새순을 낼 수 있다.,넉줄고사리과,20-25℃ (최저 3℃),반음지,높은편,"포름알데히드·톨루엔 등 제거, 음이온 발생, 상대습도 증가, 이산화탄소 감소","응애, 온실가루이",하,,"양치식물은 포름알데히드 제거능력이 우수한 편이고, 넉줄고사리는 양치식물 중에서도 포 름알데히드 제거능력이 가장 탁월하다. 음이온이 발생하고 실내습도를 조절할 수 있어 거 실에 두면 좋다. 거실에 배치할 때 큰 화분의 지피식물로 활용하면 공기정화능력을 향상 시 킬 수 있다.",,
봉의꼬리,Pteris multifida,Spider brake fern,"봉의꼬리는 한국이 원산지이며 남부지방 숲속이나 길가 절벽이나 돌담에서 자라는 상록성의 양치식물로 높이는 30~70cm이다. 갈라진 잎의 모양이 봉의꼬리처럼 생겨 붙 여진 이름이다. 잎몸 중측 상부에 날개가 뚜렷하게 있는 점 이 특징이다. 속명 프테리스(Pteris)는 '날개', '깃털'을 뜻하 는 'pteron'에서 유래한 것으로 '고사리'를 나타내고 멀티피 다(multifida)는 '여러 개로 갈라진'이란 의미로 학명이 '여러 갈래로 갈라진 고사리'라는 뜻을 가진다. 잎에 흰색 또는 백녹색 무늬가 있는 품종으로 알록큰봉의꼬 리(Pteris nipponica)가 있다. 봉의 꼬리와 달리 잎몸의 중측 에 날개가 없다. 포자엽 뒷면의 포자로 번식하거나 포기나누기로 번식한다.","봄~가을 흙을 물에 잠기지 않고 촉촉하게 유지하고, 겨울에 는 토양 표면이 말랐을 때 충분히 물을 준다. 건조하지 않도록 자주 분무한다.","공중습도가 높아야 건강하게 자라므로, 자주 분무하여 건조하지 않게 관리한다.",꼬리고사리과,16~20℃ (최저 5℃),반양지~반음지,높은편,"포름알데히드 제거, 음이온 발생, 상대습도 증가","응애, 깍지벌레",상,,봉의꼬리는 양치식물 중에서 포름알데히드 제거에 탁월하다. 습도와 음이온 발생량도 좋아 서 거실에 놓으면 가구에서 나오는 포름알데히드 제거와 건조한 실내습도를 조절할 수 있다.,"고사리류(Ferns) 문제 발생시 ▶ 고사리 잎의 뒷면에 갈색 반점 및 규칙적인 선 : 포자가 형성된 것으로 잎이 성숙하고 건강하다는 것을 뜻하며, 고사리는 포자로 번식함. ▶ 잎 위로 불규칙하게 흩어진 갈색 껍질들: 깍지벌레일 수 있다. 젖은 천 등을 이용하여 제거가 가능 ▶ 식물 하단부터 진행되는 잎의 황변화, 잎에 갈색 반점이 생기고 잎이 떨어질 때: 1) 식물 가까이 난방기기가 원인이 될 수 있음 2) 물주는 방법이 잘못되었을 경우 Tip 바른 물주기: 공중습도가 높은 환경을 조성해 주고 토양을 촉촉하게 유지하되 너무 습하면 뿌리가 썩으니 주의한다. 겨울철에는 물기는 횟수를 줄여준다 ▶ 잎이 노랗거나 성장이 저해될 때: 공기가 너무 건조할 경우 ▶ 잎이 약하거나, 표면에 긁힌 자국이 있을 때: 빛이 너무 많을 경우. 여름철 직사광선으로부터 보호되어야 함 ▶ 식물이 약하거나 성장이 저해될 때: 비료가 충분하지 않을 때. 고사리는 성장기에 종종 비료를 주는 것이 필요 ▶ 잎이 고사할 때: 1) 공기가 건조할 경우 2) 토양의 수분이 부족한 경우",
알록큰봉의꼬리,Pteris nipponica,Spider brake fern,"봉의꼬리는 한국이 원산지이며 남부지방 숲속이나 길가 절벽이나 돌담에서 자라는 상록성의 양치식물로 높이는 30~70cm이다. 갈라진 잎의 모양이 봉의꼬리처럼 생겨 붙 여진 이름이다. 잎몸 중측 상부에 날개가 뚜렷하게 있는 점 이 특징이다. 속명 프테리스(Pteris)는 '날개', '깃털'을 뜻하 는 'pteron'에서 유래한 것으로 '고사리'를 나타내고 멀티피 다(multifida)는 '여러 개로 갈라진'이란 의미로 학명이 '여러 갈래로 갈라진 고사리'라는 뜻을 가진다. 잎에 흰색 또는 백녹색 무늬가 있는 품종으로 알록큰봉의꼬 리(Pteris nipponica)가 있다. 봉의 꼬리와 달리 잎몸의 중측 에 날개가 없다. 포자엽 뒷면의 포자로 번식하거나 포기나누기로 번식한다.","봄~가을 흙을 물에 잠기지 않고 촉촉하게 유지하고, 겨울에 는 토양 표면이 말랐을 때 충분히 물을 준다. 건조하지 않도록 자주 분무한다.","공중습도가 높아야 건강하게 자라므로, 자주 분무하여 건조하지 않게 관리한다.",꼬리고사리과,16~20℃ (최저 5℃),반양지~반음지,높은편,"포름알데히드 제거, 음이온 발생, 상대습도 증가","응애, 깍지벌레",상,,봉의꼬리는 양치식물 중에서 포름알데히드 제거에 탁월하다. 습도와 음이온 발생량도 좋아 서 거실에 놓으면 가구에서 나오는 포름알데히드 제거와 건조한 실내습도를 조절할 수 있다.,"고사리류(Ferns) 문제 발생시 ▶ 고사리 잎의 뒷면에 갈색 반점 및 규칙적인 선 : 포자가 형성된 것으로 잎이 성숙하고 건강하다는 것을 뜻하며, 고사리는 포자로 번식함. ▶ 잎 위로 불규칙하게 흩어진 갈색 껍질들: 깍지벌레일 수 있다. 젖은 천 등을 이용하여 제거가 가능 ▶ 식물 하단부터 진행되는 잎의 황변화, 잎에 갈색 반점이 생기고 잎이 떨어질 때: 1) 식물 가까이 난방기기가 원인이 될 수 있음 2) 물주는 방법이 잘못되었을 경우 Tip 바른 물주기: 공중습도가 높은 환경을 조성해 주고 토양을 촉촉하게 유지하되 너무 습하면 뿌리가 썩으니 주의한다. 겨울철에는 물기는 횟수를 줄여준다 ▶ 잎이 노랗거나 성장이 저해될 때: 공기가 너무 건조할 경우 ▶ 잎이 약하거나, 표면에 긁힌 자국이 있을 때: 빛이 너무 많을 경우. 여름철 직사광선으로부터 보호되어야 함 ▶ 식물이 약하거나 성장이 저해될 때: 비료가 충분하지 않을 때. 고사리는 성장기에 종종 비료를 주는 것이 필요 ▶ 잎이 고사할 때: 1) 공기가 건조할 경우 2) 토양의 수분이 부족한 경우",
털머위,Farfugium japonicum,Leopard plant,"우리나라 울릉도와 남부지방 바닷가 쪽에서 자라는 상록성 의 여러해살이풀이다. 높이가 30~70cm로 9~11월에 노란색 꽃이 피며 식물의 전체에 털이 많고 잎이 머위를 닮았다 하 여 이름이 붙여졌다. 실내외 조경용으로 심고, 어린 잎자루 는 식용하고, 민간요법으로 활용한다.",토양 표면이 말랐을때 충분히 물을 준다.,토양 표면이 말랐을때 충분히 물을 준다.,국화과,16~24℃ (최저 5℃),양지~반양지,보통,"음이온 발생, 상대습도 증가, 이산화탄소 감소","응애, 깍지벌레, 온실가루이",중,,"음이온 발생량과 습도 발생량이 많아 공부방에 배치하면 집중력향상에 좋고, 실내습도를 증 가시키는 효과가 좋다.",,
벵갈고무나무,Ficus benghalensis L.,Fig Indian,"벵갈고무나무는 원산지인 인도에서 장수와 풍요를 상징해 신성하게 여기는 식물로 회백색 수피에 잎 무늬가 아름다워 실내식물로 인기가 많다. 미세먼지 제거 측정 실험에서 제거 능력이 뛰어난 식물로 산호수와 함께 선정되었으며, 음이온 발생량이 최고 등급인 우수한 공기정화식물이다. 번식은 삽목이나 취목을 이용한다.",토양표면이 마르면 물을 충분히 준다.,"봄·가을처럼 건조할 때는 자주 분무해주고, 습할 때는 환기를 자주 해준다.",뽕나무과,21~25℃ (최저 13℃),반양지,보통,"자일렌 등 다양한 공기오염 물질 제거, 미세먼지 제거, 음이온 발생, 상대습도 증가","응애, 깍지벌레",중,수액에 독성 함유,관상 포인트인 잎의 무늬를 유지하려면 햇빛을 많이 받아 야 하므로 밝은 거실이나 창가에 배치한다. 벵갈고무나무는 음이온 발생량이 최상 등급인데 음이온은 멀리 퍼지지 않으 므로 식물을 사람과 가까운 곳에 두는 것이 좋다 .,,
벤자민고무나무,Ficus benjamina,"Waringin, Weeping fig","실내공기 오염물질 제거 능력이 뛰어나 인기가 높은 벤자민 고무나무는 키가 크고 우아해 보이는 가지를 부드럽게 늘어 뜨리고 있는 모습에서 Weeping fig가 영명으로 유래되었다 고 한다. 벤자민고무나무는 일반적으로 세가지 형태가 있는 데, 원줄기가 뚜렷한 나무형태와 줄기가 밑부분에서 여러 가 지로 갈라지는 관목형태, 2~3가지가 꼬여서 자라는 형태가 있다. 잎도 짙은 녹색, 밝은 녹색, 그리고 무늬가 있는 잎까 지 종류가 다양하다. 단, 환경변화에 민감하고 이동을 싫어하여 새로운 환경에 적응하는 동안 잎이 떨어지는 경우가 있지만, 일단 적응하 면 잘 생장한다. 수경재배나 저면관수로 기르는 것이 이상적이다. 식물 전체적으로 독성물질이 함유하고 있다.","토양은 가급적 촉촉하게 유지한다. 봄~가을에는 토양표면이 말랐을 때 물을 충분히 주고, 겨울에는 토양이 대부분 말랐 을 때 충분히 물을 준다.",뿌리가 화분에 꽉 차는 것을 좋아하므로 매년 분갈이할 필요가 없다. 지나치게 물을 많이 주면 뿌리썩음병이 발생한다.,뽕나무과,16~24℃ (최저 13℃),양지~반양지,보통,"포름알데히드·벤젠 등 다양한 공기오염물질 제거, 음이온 발생, 상대습도 증가",깍지벌레,상,수액에 독성 함유,"자동차에서 나오는 배기가스를 많이 제거하므로 빛이 들어오는 현관에 배 치하면 좋다. 화분 지면에 아이비, 스 킨답서스 등을 함께 심으면 공기정화 효과가 커진다.",,
인도고무나무,Ficus elastica,"Assam Rubber, India Rubber Plant","고무나무는 약 800~2,000종이 주로 열대지역에 분포되어 있다. 열대지역에서는 녹음수 또는 가로수로 이용되며 온대 지역에서는 실내 관엽식물로 이용된다. 토양재배, 수경재배 모두 잘 자란다. 흰색의 수액이 자극적이니 주의해야 한다.",토양표면이 말랐을 때 물을 충분히 준다.,가지치기를 하지 않으면 웃자라 주변 식물에 영향을 줄 수 있다.,뽕나무과,16~27℃ (최저 5℃),반양지~반음지,낮거나 보통,"포름알데히드 제거, 공기정화","응애, 깍지벌레, 가루깍지벌레",하,수액에 독성 함유,고무나무 종류 중에 실내의 화학적 독소를 제거하는 능력이 뛰어나고 넓고 큰 공간에 잘 어울리므로 거실에 두면 좋다.,,
무늬왕모람(푸미라),Ficus pumila 'Variegata',Creeping fig,실내정원을 조성할 때 녹색 카페트를 만들 수 있을 만큼 지 피식물로 좋다. 줄기가 가늘고 작은 잎이 풍성하여 걸이화분 에 단독으로 사용하거나 다른 식물과 함께 식재하여 활용할 수 있다. 물만 정기적으로 잘 주면 관리도 쉽다. 식물의 모든 부분이 애완동물에게는 독성이 있으니 주의한 다.,겉흙이 마르면 물을 충분히 준다. 잎에 자주 분무한다.,"다른 식물의 생장을 방해하는 덩굴은 제거한다. 강한 직사광선은 피하고, 배수가 좋은 흙에서 키운다. 삽목이나 휘묻이로 번식한다.",뽕나무과,21~25℃ (최저 5℃),반양지,낮은편,공기정화,"응애, 깍지벌레, 온실가루이",중,식물 모든 부분,"덩굴성으로 베란다에서 벽과 천장을 타고 올라가도록 키울 수 있고, 수경재배도 가능하다.",,고무나무속(Ficus) 문제 발생시 ▶ 잎이 갑자기 떨어질 때: 1) 물을 너무 많이 주는 경우 2) 겨울철 낮은 온도와 부족한 햇빛으로 인한 추위 3) 빛이 부족하거나 식물의 환경이 바뀐 것 4) 과도한 비료가 문제가 되는 경우 ▶ 맨 아래 잎이 떨어질 때: 온도 변화로 발생할 수 있는 자연적인 현상으로 고무나무 종류에 따라 하단의 잎이 노화되 어 노랗게 되거나 떨어질 수 있음 ▶ 하단의 잎이 가장자리가 노랗게 변하거나 떨어질 때: 1) 식물에 심각한 문제가 있을 때 먼저 나타나는 증상 2) 양분이 부족할 경우로 성장기에 적절한 양분을 공급 ▶ 잎이 마르고 시들 때 : 1) 직사광선에 노출될 때 2) 나뭇잎이 너무 많아 수분 공급을 방해할 경우 3) 토양이 건조한 것이 원인
오렌지스타,Fittonia albivenis 'Jade',Mosaic plant,"원산지가 남아메리카인 피토니아는 고온다습하고 통풍이 잘되는 밝은 그늘이나 반그늘에서 잘 자란다. 갑자기 강한 햇빛에 노출되면 잎이 타기 쉽다. 높이가 10~20cm 정도이고, 잎이 무성하고 기는 줄기로 자 란다. 잎에 그물무늬가 있으며, 잎맥의 색상이 잎색과 대조 적인 것이 매력적이다. 꺾꽂이나 포기나누기로 번식한다.","봄~가을에는 토양 표면이 말랐을 때 충분히 물을 주고, 겨울 에는 화분흙이 대부분 말랐을 때 충분히 물을 준다.",건조할 때 잎에 자주 분무한다.,쥐꼬리망초과,21~25℃ (최저 13℃),반음지,높은편,"암모니아 냄새 흡수, 이산화탄소 감소, 톨루엔 제거, 음이온 발생, 상대습도 증가","응애, 온실가루이",중,,"덩굴성 식물로 걸이화분을 사용해도 좋고, 잎의 무늬와 색상이 다양하여 디시 가든과 테라 리엄에 많이 사용한다. 음이온 발생량이 많고, 실내습도 조절에 우수한 식물로 직사광선이 들지 않는 공부방에 두 면 좋다.",▶ 겨울에 갑작스럽게 고사할 때: 춥고 습한 환경은 치명적으로 겨울에는 적절한 온도와 토양습도를 유지해야 함 ▶ 오그라든 잎의 원인: 1) 공기가 너무 건조할 경우 2) 빛이 너무 많은 것이 원인이 될 수 있음 ▶ 늘어지며 자라는 원인: 피토니아는 덩굴성 식물로 늘어지게 자람 ▶ 잎이 노랗게 변하거나 시들 때: 물을 너무 많이 줬을 경우,
화이트스타,Fittonia albivenis 'White Star',Mosaic plant,"원산지가 남아메리카인 피토니아는 고온다습하고 통풍이 잘되는 밝은 그늘이나 반그늘에서 잘 자란다. 갑자기 강한 햇빛에 노출되면 잎이 타기 쉽다. 높이가 10~20cm 정도이고, 잎이 무성하고 기는 줄기로 자 란다. 잎에 그물무늬가 있으며, 잎맥의 색상이 잎색과 대조 적인 것이 매력적이다. 꺾꽂이나 포기나누기로 번식한다.","봄~가을에는 토양 표면이 말랐을 때 충분히 물을 주고, 겨울 에는 화분흙이 대부분 말랐을 때 충분히 물을 준다.",건조할 때 잎에 자주 분무한다.,쥐꼬리망초과,21~25℃ (최저 13℃),반음지,높은편,"암모니아 냄새 흡수, 이산화탄소 감소, 톨루엔 제거, 음이온 발생, 상대습도 증가","응애, 온실가루이",중,,"덩굴성 식물로 걸이화분을 사용해도 좋고, 잎의 무늬와 색상이 다양하여 디시 가든과 테라 리엄에 많이 사용한다. 음이온 발생량이 많고, 실내습도 조절에 우수한 식물로 직사광선이 들지 않는 공부방에 두 면 좋다.",▶ 겨울에 갑작스럽게 고사할 때: 춥고 습한 환경은 치명적으로 겨울에는 적절한 온도와 토양습도를 유지해야 함 ▶ 오그라든 잎의 원인: 1) 공기가 너무 건조할 경우 2) 빛이 너무 많은 것이 원인이 될 수 있음 ▶ 늘어지며 자라는 원인: 피토니아는 덩굴성 식물로 늘어지게 자람 ▶ 잎이 노랗게 변하거나 시들 때: 물을 너무 많이 줬을 경우,
레드스타,Fittonia verschaffeltii 'Red Star',Mosaic plant,"원산지가 남아메리카인 피토니아는 고온다습하고 통풍이 잘되는 밝은 그늘이나 반그늘에서 잘 자란다. 갑자기 강한 햇빛에 노출되면 잎이 타기 쉽다. 높이가 10~20cm 정도이고, 잎이 무성하고 기는 줄기로 자 란다. 잎에 그물무늬가 있으며, 잎맥의 색상이 잎색과 대조 적인 것이 매력적이다. 꺾꽂이나 포기나누기로 번식한다.","봄~가을에는 토양 표면이 말랐을 때 충분히 물을 주고, 겨울 에는 화분흙이 대부분 말랐을 때 충분히 물을 준다.",건조할 때 잎에 자주 분무한다.,쥐꼬리망초과,21~25℃ (최저 13℃),반음지,높은편,"암모니아 냄새 흡수, 이산화탄소 감소, 톨루엔 제거, 음이온 발생, 상대습도 증가","응애, 온실가루이",중,,"덩굴성 식물로 걸이화분을 사용해도 좋고, 잎의 무늬와 색상이 다양하여 디시 가든과 테라 리엄에 많이 사용한다. 음이온 발생량이 많고, 실내습도 조절에 우수한 식물로 직사광선이 들지 않는 공부방에 두 면 좋다.",▶ 겨울에 갑작스럽게 고사할 때: 춥고 습한 환경은 치명적으로 겨울에는 적절한 온도와 토양습도를 유지해야 함 ▶ 오그라든 잎의 원인: 1) 공기가 너무 건조할 경우 2) 빛이 너무 많은 것이 원인이 될 수 있음 ▶ 늘어지며 자라는 원인: 피토니아는 덩굴성 식물로 늘어지게 자람 ▶ 잎이 노랗게 변하거나 시들 때: 물을 너무 많이 줬을 경우,
아이비(잉글리쉬 아이비),Hedera helix,English ivy,"유럽 대부분의 지역과 서아시아에 자생하는 아이비는 덩굴성으로 성장속도가 빠르고 공중 뿌리가 나와서 벽 같은 면이나 철사 등을 타고 오르는 성질을 가졌다. 양담쟁이, 상록담쟁이 등으로도 불리우며 잎이 3~5개로 갈라져 있고 잎의 색과 모양이 품종 에 따라 다양하다. 보통의 실내 환경에서 적응을 잘하는 편이나 무늬가 있는 품종은 빛이 부 족하면 무늬가 없어지므로 빛이 충분해야 한다. 식물체에 독이 있어 아이가 있는 가정에서 키울 경우, 아이 피부에 닿으면 피부염에 걸릴 수 있고 입에 댈 경우 호흡곤란이나 혼수상태에 빠질 수 있다. 새싹이 자라면 순지르기를 해서 가지 수를 늘릴 수 있다. 수경재배나 토양에서 동일하게 재배가 가능하다.","잎에 물을 자주 분무하고, 겉흙이 마르면 물을 충분히 준다.","직사광선을 피한다. 온도가 너무 높은 경우 성장을 방해한다. 성장 시 가지치기하여 다른 식 물의 생장을 방해하는 덩굴을 제거한다. 병충해에 강한 편이나 기온이 높고 건조하면 응애, 깍지벌레가 발생한다.",두릅나무과,15~25℃ (최저 5℃),반양지~반음지,보통,"포름알데히드·톨루엔 제거, 음이온 발생, 상대습도 증가","응애, 깍지벌레",하,식물 모든 부분,"큰 식물의 경우 베란다, 거실에 배치하고, 습도와 음이온 배 출이 많아 작은 화분의 경우 공부방에 놓아 활용한다.",▶ 잎 가장자리가 건조하여 갈변하고 잎이 거의 없이 줄기 만 성장할 때 : 1) 기온이 너무 높을 경우 2) 응애가 있는지 확인 3) 줄기를 자르고 서늘한 곳으로 자리를 이동 ▶ 잎 끝이 건조하고 갈변할 때 : 1) 공기가 너무 건조할 경우 2) 응애가 있는지 확인 3) 떨어진 잎을 제거하고 정기적으로 분무 ▶ 잎 전체가 녹색이 될 때 : 1) 빛이 너무 부족한 경우 2) 분갈이가 필요 ▶ 잎의 크기가 작고 잎이 거의 없이 줄기만 성장할 때 : 빛이 너무 부족한 것이 원인으로 줄기를 자름,
레몬버베나,Aloysia triphylla,Limonetto,"아르헨티나, 칠레 등 남아메리카가 원산지인 레몬버베나는 다년생 관목으로 약 30여 종이 나타난다. 잎은 가늘고 길며 뾰족한 모양으로 황녹색을 띠며 초기에는 목질화되지 않은 연한 줄기를 지녔지만 생장하면서 목질화되는 줄기에 돌려 난다. 꽃은 늦봄이나 초여름에 흰색 또는 보라색의 꽃을 피 고, 작은 여러 꽃들이 밀집하여 원추화서의 모양을 띤다. 잎 뒤에 선점이 있어 레몬향이 나 요리나 방향제 등 다양한 용 도로 이용되고 있으며, 톨루엔 제거 효과까지 뛰어난 실내 식물이다.",화분흙이 말랐을 때 충분히 물을 준다. 여름에는 고온으로 화분흙이 빨리 마르므로 물주기에 주의 한다.,양지 식물인 레몬버베나는 햇빛이 잘 들고 배수가 잘 되는 양질의 토양을 유지하는 것이 좋다. 병해는 적지만 해충의 피해는 많다. 건조한 환경일 때 해충이 많이 생기므로 적절한 환경을 유지하는 것이 중요하다.,마편초과,16~24℃ (최저 ℃),양지~반양지,보통,"톨루엔 제거, 이산화탄소 감소","응애, 깍지벌레",중,,허브식물 중에서 새집증후군의 원인 물질인 톨루엔을 제거하는 능력이 가장 뛰어나다. 햇빛 이 잘 들고 통풍이 잘되는 거실의 창가 또는 베란다에 두면 좋다.,,
학자스민,Jasminum polyanthum,Jasmin polyanthum,"3.5~5m 정도로 자라는 상록성 덩굴식물인 학자스민은 꽃봉 오리는 진홍색을 띠고 꽃은 흰색으로 핀다. 한겨울에 꽃을 피우고 향기가 뛰어나 사람들에게 인기가 많다. 꺾꽂이 또는 휘묻이로 번식을 하며, 번식과 관리가 매우 쉬 워 실내식물로 많이 이용된다. 자스민은 좋은 향기로 예전부터 향수나 차로 이용했다. 달콤 한 향기가 기분전환에 좋아 우울증을 개선해준다.","토양표면이 마르면 충분히 물을 주고, 겨울에는 토양을 건조 하게 관리한다. 너무 건조하지 않도록 자주 분무한다. 꽃이 피는 시기 충분한 물을 준다. 토양은 항상 수분이 있어 야 한다. 토양이 마를 시에 꽃과 꽃봉오리도 마를 수 있다. 그 러나 과습한 상태는 피하도록 한다.","햇빛이 잘 드는 서늘한 곳에 두면 꽃을 오랫동안 볼 수 있으며, 여름에 정원의 나무 그늘같이 서늘한 곳에 두면 꽃봉오리형성이 빨라진다. 꽃이 진 뒤에 가지들을 잘라주고, 가을에 분갈 이를 한 다음 따뜻한 곳에 둔다. 가늘고 길게 자라는 덩굴식물로 작은 화분에 심을 경우 지지 대를 두어 감고 올라갈 수 있게 지지대를 설치하면 좋다.",물푸레나무과,16~24℃ (최저 7℃),양지~반양지,낮은편,포름알데히드 제거,"응애, 진딧물",중,,포름알데히드 제거능력이 우수하며 향기좋은 흰색 꽃이 피는 덩굴식물로 통풍이 잘되고 햇 빛이 풍부한 베란다에 두고 기르면 오랫동안 향기를 즐길 수 있다.,,
라벤더,Lavandula angustifolia,English lavender,"원산지는 지중해 연안이며, 25~30여 종이 있다. 보통 30~60 cm 정도 자라며, 꽃, 잎, 줄기 전체에 미세한 흰색 털이 있고, 그 사이에 향기가 나오는 기름샘이 있다. 손으로 만져 향기 를 맡으면 더 진한 향기를 맡을 수 있다. 허브식물이 향기를 내는 것은 스스로 방어하는 기능때문인데, 손으로 식물을 접 촉하여 자극하거나 해충이 오면 스트레스를 받아 살균기능 을 가진 방향물질을 내뿜어 가까이 오지 못하게 방어한다. 6~9월에 피는 꽃은 긴 꽃대 끝에 드문드문 달리며 아주 작 고 보랏빛을 띠며, 품종에 따라 다양하다. 배수가 잘되는 사 양토에서 기른다. 향유 채취와 관상용으로 재배한다. 향유는 향수와 화장품의 원료로 사용하고, 요리 향료, 두통이나 신경안정을 치료하는 등에도 활용한다.",물은 토양표면이 마르면 흠뻑 준다.,햇빛을 많이 받게 하고 습하지 않은 곳에서 잘 자란다. 물빠짐이 좋고 너무 비옥하지 않은 자 갈이 약간 혼합된 사양토가 좋다.,꿀풀과,15~25℃ (최저 5℃),양지,보통,"포름알데히드 제거, 음이온 발생","응애, 깍지벌레",중,,허브식물 중 포름알데히드 제거량이 가장 우수한 식물이다. 햇빛이 잘 드는 창가나 베란다 에 두는 것이 좋다. 또한 허브식물은 음이온 발생량이 풍부하여 햇빛이 잘 드는 공부방 창 가에 두면 좋다.,,
다우니라벤더,Lavandula multifida,fernleaf lavender,"원산지는 지중해 연안이며, 25~30여 종이 있다. 보통 30~60 cm 정도 자라며, 꽃, 잎, 줄기 전체에 미세한 흰색 털이 있고, 그 사이에 향기가 나오는 기름샘이 있다. 손으로 만져 향기 를 맡으면 더 진한 향기를 맡을 수 있다. 허브식물이 향기를 내는 것은 스스로 방어하는 기능때문인데, 손으로 식물을 접 촉하여 자극하거나 해충이 오면 스트레스를 받아 살균기능 을 가진 방향물질을 내뿜어 가까이 오지 못하게 방어한다. 6~9월에 피는 꽃은 긴 꽃대 끝에 드문드문 달리며 아주 작 고 보랏빛을 띠며, 품종에 따라 다양하다. 배수가 잘되는 사 양토에서 기른다. 향유 채취와 관상용으로 재배한다. 향유는 향수와 화장품의 원료로 사용하고, 요리 향료, 두통이나 신경안정을 치료하는 등에도 활용한다.",물은 토양표면이 마르면 흠뻑 준다.,햇빛을 많이 받게 하고 습하지 않은 곳에서 잘 자란다. 물빠짐이 좋고 너무 비옥하지 않은 자 갈이 약간 혼합된 사양토가 좋다.,꿀풀과,15~25℃ (최저 5℃),양지,보통,"포름알데히드 제거, 음이온 발생","응애, 깍지벌레",중,,허브식물 중 포름알데히드 제거량이 가장 우수한 식물이다. 햇빛이 잘 드는 창가나 베란다 에 두는 것이 좋다. 또한 허브식물은 음이온 발생량이 풍부하여 햇빛이 잘 드는 공부방 창 가에 두면 좋다.,,
프렌치라벤더,Lavandula stoechas,Lavender French,"원산지는 지중해 연안이며, 25~30여 종이 있다. 보통 30~60 cm 정도 자라며, 꽃, 잎, 줄기 전체에 미세한 흰색 털이 있고, 그 사이에 향기가 나오는 기름샘이 있다. 손으로 만져 향기 를 맡으면 더 진한 향기를 맡을 수 있다. 허브식물이 향기를 내는 것은 스스로 방어하는 기능때문인데, 손으로 식물을 접 촉하여 자극하거나 해충이 오면 스트레스를 받아 살균기능 을 가진 방향물질을 내뿜어 가까이 오지 못하게 방어한다. 6~9월에 피는 꽃은 긴 꽃대 끝에 드문드문 달리며 아주 작 고 보랏빛을 띠며, 품종에 따라 다양하다. 배수가 잘되는 사 양토에서 기른다. 향유 채취와 관상용으로 재배한다. 향유는 향수와 화장품의 원료로 사용하고, 요리 향료, 두통이나 신경안정을 치료하는 등에도 활용한다.",물은 토양표면이 마르면 흠뻑 준다.,햇빛을 많이 받게 하고 습하지 않은 곳에서 잘 자란다. 물빠짐이 좋고 너무 비옥하지 않은 자 갈이 약간 혼합된 사양토가 좋다.,꿀풀과,15~25℃ (최저 5℃),양지,보통,"포름알데히드 제거, 음이온 발생","응애, 깍지벌레",중,,허브식물 중 포름알데히드 제거량이 가장 우수한 식물이다. 햇빛이 잘 드는 창가나 베란다 에 두는 것이 좋다. 또한 허브식물은 음이온 발생량이 풍부하여 햇빛이 잘 드는 공부방 창 가에 두면 좋다.,,
애플민트,Mentha suaveolens,Mint Apple,"유럽이 원산지인 애플민트는 사과와 민트향이 나는 다년생 초본 식물이다. 잎은 연녹색의 주름지고 난형의 형태로, 가 장자리 톱니 모양과 뚜렷한 엽맥으로 앞뒷면에 털이 있다. 여름에 흰색 또는 분홍색의 꽃이 층층이 길게 난다. 내한성 이 강하여 반음지 환경에서의 생장과 월동이 가능하다는 장 점이 있다. 꺾꽂이나 포기나누기로 번식을 한다. 향긋한 향기로 피로회복과 살균, 방향효과가 뛰어나 요리나 방향제 등으로 사용한다.",토양 표면이 마르고 잎이 시들면 물을 준다. 겨울에는 식물이 어는 것을 막기 위해 다른 계절보다 물을 적게 준다. 과습은 식물 뿌리를 썩게 할 수 있으므로 너무 많 이 주지 않도록 주의 한다.,"햇빛이 많은 양지가 좋으며, 빛이 부족할 때 잎에 생기가 사라지며 웃자라 실내에서는 자주 분갈이를 해주거나 가지치기를 해주어 수형을 잡아주는 것이 좋다. 양질의 토양이 필요한 식물로 장마 끝에 거름을 주 면 좋다. 땅속줄기가 뻗으면서 자라므로 자주 솎아 준다.",꿀풀과,16~24℃ (최저 –20℃),양지~반양지,보통,"포름알데히드·톨루엔 제거, 음이온 증가, 상대습도 증가","응애, 깍지벌레",중,,습도 유지 및 공기정화에 좋아 아이들 공부방에 놓 거나 향긋한 향기로 요리에 많이 쓰여 주방에서도 애용하는 식물이다.,,
제라늄,Pelargonium inquinans,"Geranium, Fish Geranium","꽃의 관상 기간이 길뿐 아니라 다양하고 화려한 꽃 색으로 세계적으로 널리 이용되는 분화 식물이다. 정원의 화단, 아파트 베란다, 벽장식 등에 화분, 플라워박스, 행잉바스켓 등의 형태 로 다양하게 이용하며, 특히 유럽에서는 창가에 놓는 꽃으로 활용한다. 비내한성 다년초로 약광, 건조 등 불량한 환경에 대한 적응력이 강하고 병충해에 강하기 때문에 최근 정원화단 및 실내환경 조성 등에 인기가 높다. 식물명인 제라늄은 이전 학명으로, 지금은 영명으로 통용되고 있다. 허브식물로 잎과 줄기에 서 독특한 향이 있어 곤충이나 모기를 쫓는 것으로 알려져 있다. 우리나라에서 모기를 쫓는 것으로 알려진 '구문초'도 제라늄의 한 품종이다.","봄~가을 토양 표면이 말랐을 때 충분히 물을 주고, 겨울에는 화분흙이 대부분 말랐을 때 충 분히 물을 준다. 약간 건조한 것을 좋아하므로, 화분의 토양표면이 마른 후 1~2일 두었다가 물을 충분히 준다. 토양이 과습하면 뿌리가 썩을 수 있다.",화분에 뿌리가 가득차서 뿌리발달이 제한되면 발육이 나빠지고 아랫잎이 쉽게 고사되므로 매년 좀더 큰 화분으로 분갈이한다. 토양을 과습하지 않게 관리한다.,쥐손이풀과,15~25℃ (최저 10℃),양지~반양지,보통,"포름알데히드·톨루엔등 제거, 음이온 발생, 상대습도 증가, 이산화탄소 감소","응애, 깍지벌레, 온실가루이",하,,제라늄은 꽃을 피우기 위해 햇빛이 많이 필요하므로 창가나 베란다에 배치하는 것이 좋다. 창가에 두면 특유의 향 때문 에 해충이 들어오는 것을 막아주어 유럽에서는 창가에 놓는 꽃으로 활용한다.,"문제 발생시 ▶ 하단의 잎이 노랗게 될 때 : 물주기가 잘못 되었을 경우로 물을 너무 많이 주거나 적게 줄 때 발생함. 색이 변하여 시들어 떨어지거나, 잎이 경화 되거나 가장자리가 부스러짐 ▶ 잎 가장자리가 갈색으로 변할 때: 온도가 너무 낮을 경우로 밤의 서리를 대비해 창가에 위치 한 화분을 다른 곳으로 이동 ▶ 줄기가 검게 변할 때: 흑각병에 감염되었을 경우로 감염된 식물은 제거해야 함 ▶ 도장, 잎이 떨어지거나 잎이 적을 때: 빛이 적을 경우로 제라늄은 그늘진 곳에서는 잘 자라지 않음 ▶ 잎에 회색 곰팡이가 생겼을 때: 잿빛곰팡이로 주로 습기가 많을 때 발생. 전염성 감염병으로 병든 잎을 제거하고, 살균제를 분무하거나 환기를 개선하며, 관수를 줄임 ▶ 제라늄에 꽃이 없을 때: 식물은 건강한 상태이나 꽃이 없다면 겨울 에 실내 온도가 너무 높은 경우임",
장미허브,Plectranthus tomentosa,Vicks plant,"장미허브는 남아프리카가 원산지인 달콤한 향이 나는 다년 생 허브이다. 종 'tomentosa'는 라틴어로 잎의 양면을 덮은 벨벳 같은 코팅을 뜻하는 말로, 털이 있고 두꺼우며 녹색의 장미 꽃모양의 잎을 가지고 있다. 최대 50cm까지 자랄 수 있 으며 처음에는 연한 줄기를 가지고 있지만 생장 후에는 목질 화 된다. 초봄과 가을에 보라색의 꽃이 피며, 벌과 나비는 좋 아하지만 모기는 퇴치할 수 있는 역할을 한다. 번식력이 좋아 물꽂이, 꺾꽂이 및 포기나누기 등 다양한 방 법으로 쉽게 번식할 수 있다.",토양 표면이 말랐을 때 물을 준다. 다육식물 같이 잎이 두꺼 워 건조에 강하나 과습은 식물이 황변하는 등 피해가 될 수 있으므로 물주기에 주의한다. 과도한 물주기는 곰팜이 병이 발생할 수 있다.,햇빛을 좋아하는 식물로 남향의 창가나 베란다에 둔다. 햇빛이 부족한 경우 웃자라서 잎이 드문드 문 달린다. 통풍이 불량하거나 습한 환경에서 취약하여 곰팡 이와 같은 병해가 발생하기 쉬우므로 통풍과 습도 조절에 주의가 필요하다. 월동을 위해서 최소 10℃ 이상의 온도가 필요하다.,꿀풀과,15~25℃ (최저 10℃),양지~반양지,보통,"이산화탄소 감소, 상대습도 증가, 음이온 발생","응애, 깍지벌레",하,,"허브류 중에서 음이온 발생량이 가장 우수한 식물 로, 실내에서 기를 때에는 햇빛이 잘 드는 공부방 창가에 두면 집중력 향상에 도움을 준다.",,
로즈마리,Rosmarinus officinalis,Rosemary,"남유럽 지중해 연안이 원산지인 로즈마리는 라틴어 '바다의 이슬'에서 유래된 식물로 향기가 나는 빛을 좋아하는 다년생 관목이다. 봄과 여름에 흰색, 분홍색, 하늘색 등의 꽃이 핀다. 잎은 상록색의 가늘고 긴 잎이며, 뒷면은 회색의 털들이 있 으며, 목질과 잔가지가 많은 줄기에 붙어 있다. 자랄 때 최대 2m까지 자라는 견고한 식물이다. 향균 및 살균 효과가 있으 며, 특유의 향으로 화장품, 요리 등 다양한 용도로 이용되고 있으며, 기억력 증진 효과 등에 효과가 좋은 실내식물이다.",토양표면이 말랐을 때 물을 준다. 과습은 식물 뿌리를 썩게 할 수 있으므로 너무 많이 주지 않도록 주의한다. 보통 8월 이후는 다소 건조하게 관리하는 것이 좋다.,"햇빛이 충분한 양지에서 최소 15도 이상의 온도를 유지하는 것이 좋다. 빛이 부족할 때 잎에 생기가 사라지며 웃자라 실내에서는 자주 분갈이를 해주는 것이 좋다. 1년생의 과도한 가지치기는 생장을 저해할 수 있으므로 주의한다. 잎을 수확할 시 향이 진한 가을에 하는 것이 좋으며, 건조하게 관리하는 것이 좋다.",꿀풀과,16~24℃ (최저 15℃),양지~반양지,보통,포름알데히드·톨루엔 제거,"응애, 깍지벌레",중,,기억력 증진과 실내 공기정화가 우수한 식물로 가정에서 햇빛이 잘 드는 아이들의 공부방이 나 요리를 자주 하는 주방에 두면 좋다.,,
해피트리,Heteropanax chinensis,Fragrant Aralia,싱그러운 녹색을 띠는 작고 얇은 잎들이 보는 이들을 행복 하게 만드는 나무다. 잎이 웃는 모양 같다고 하여 행복나무 라고 불리기도 한다. 중국에서는 '황산풍'이라고 불리며 부 귀수로 알려지는 등 다양한 이름을 가졌다. 높이가 20~30m 나 자라 조경수로도 이용한다. 실내에서는 직사광선과 완전 한 음지를 제외하고는 어떤 곳에서도 잘 자란다. 햇빛이 잘 드는 창가가 키우기 가장 좋은 장소이고 간접 광을 받을 수 있는 곳은 어디든 좋다.,"봄~가을에는 토양 표면이 말랐을 때 충분히 물을 주고, 겨울 에는 화분흙이 대부분 말랐을 때 충분히 물을 준다.",직사광선을 피하고 잎에 자주 분무한다. 가지치기를 하지 않 으면 웃자라 주변 식물에 영향을 준다.,두릅나무과,21~25℃ (최저 13℃),반양지,높거나 보통,공기정화,"응애, 깍지벌레",중,,"가정, 사무실, 상업 공간 등 많이 이용되는데 넓은 공간에 잘 어울린다.",,
호야,Hoya carnosa ,Wax Plant,"호야는 실내에서 쉽게 생육하며 덩굴성 상록 다년초이다. 잎 이 다육질이며 5~9월에 향기로운 별 모양의 꽃이 연한 분홍 색으로 피고 윤기가 있다. 동남아시아에서 오스트레일리아 에 이르는 열대, 아열대 지역에 걸쳐 100여 종이 분포한다. 시중에 여러 품종이 유통되며 잎에 무늬가 있는 무늬호야, 호야에서 잎만 떼어낸 후 잎꽂이 하여 판매하는 하트호야, 랑케올라타 벨라호야(Hoya lanceolata) 등이 있다. 소형인 랑케올라타 벨라호야는 줄기가 길어 행잉 바스켓에 심는다.",봄~가을은 토양 표면이 말랐을 때 충분히 물을 주고 겨울에 는 화분흙이 대부분 말랐을 때 충분히 물을 준다. 공중습도 가 너무 건조하면 깍지벌레가 발생하므로 잎에 분무한다.,과습에 유의한다. 다른 식물의 생장을 방해하는 가지를 제거 한다. 꽃봉오리가 생기면 가지를 제거하거나 분갈이 등을 하 지 않는다. 꽃이 진 후에 줄기를 잘라준다.,박주가리과,18~22℃ (최저 13℃),반양지 (개화를 위하여 충분 한 빛이 필요),"보통, 잎에 분무","자일렌 등 제거, 공기정화","응애, 깍지벌레",하,흰색 수액에 독성 함유,"햇빛이 잘 드는 창가에 배치하면 다육질의 잎과 윤기나는 호야 꽃을 볼 수 있다. 줄기가 늘어 지는 것이 싫으면 지주대를 세운다. 보통 행잉, 모아심기 등에 많이 활용한다.",,
칼랑코에,Kalanchoe blossfeldiana,Flaming Katy,"칼랑코에는 넓은 잎을 가진 다육식물이로 낮의 길이가 8시 간 이하로 짧아지면 꽃눈이 분화하여 꽃을 피우는 단일성 식 물이다. 빨간색, 노란색, 분홍색, 흰색 등 꽃의 색이 다양하고 아름다우며 관리가 쉬워 실내에서 많이 키운다. 네덜란드에 서 재배품종으로 육성하여 브랜드화한 '칼란디바'의 품종들 도 다양하게 유통된다.","화분의 흙이 마르면 화분 밑으로 물이 흘러나올 때까지 충 분히 준다. 물을 지나치게 주면 뿌리가 썩을 수 있고, 물을 너 무 적게 주면 경우 뿌리마름, 염해 축적 등의 문제가 발생할 수 있으므로 주의한다.","가지치기를 하지 않으면 식물이 웃자라 주변식물의 생장에 방해될 수 있다. 토양은 통기성이 좋아야하며, 배수가 용이하고, 보수력이 좋아야 한다. 다육식물이므로 과습에 유의한다.",돌나물과,16~26℃ (최저 10℃),"양지, 반양지 ",낮은편,공기정화,"응애, 깍지벌레, 노균병, 잿빛곰팡이병, 역병, 입고병",하,,"강한 직사광선을 피할 수 있는 밝은 창가에 두면 좋다. 칼랑코에는 겨울철에 해가 짧아 자연적으로 14시간정도 의 단일처리가 되어 10~11주 후에 꽃눈이 형성되고 꽃이 피게 된다. 실내에서 키워 자연적인 단일처리가 되지 못 했을 때는 저녁 6시~다음날 오전 9시경까지 14시간 이상, 10~11주 정도를 검은 봉지나 박스 등을 이용하여 빛을 완 전 차단해 주면 단일효과를 볼 수 있다.",,
칼라테아 인시그니스,Calathea insignis,Rattlesnake Plant,"낮에는 잎을 활짝 펼쳐서 빛을 한 몸에 받으며 열심히 광합 성을 하고, 밤이 되면 물을 끌어올리는 힘이 약해져 호흡에 집중하며 수면운동을 하는데 이는 식물 체내의 습도를 유지 하기 위한 칼라테아 종류의 특성이다. 반음지에서 잘 자라고 음지에서도 잘 견디나, 어두운 곳에 오래 있으면 잎 끝이 아래로 처지거나 싹 끝이 시드는 등 의 증상이 있다. 잎이 타들어 갈 수 있으므로 직사광선을 피 한다.","봄~가을에는 토양 표면이 말랐을 때 충분히 물을 주고, 겨울 에는 화분흙이 대부분 말랐을 때 충분히 물을 준다. 물은 토 양표면이 마르면 화분 구멍으로 흘러나올 때까지 충분히 주 는 것이 좋다.","직사광선을 피하고 잎에 자주 분무한다. 건조한 환경에서는 키우기 힘들다. 공중습도가 건조 한 경우에는 잎이 말려들거나 잎 끝이 마르게 되는데, 이때는 분무를 자주 해주는 것이 좋다. 온도가 낮을 경우 잎이 말리면서 쪼그라들게 되는데, 겨울에 베란다에서 키울 경우 주의해 야 한다.",마란타과,16~25℃ (최저 13℃),"반양지, 반음지",보통,공기정화,"진딧물, 응애, 깍지벌레",중,,,,
칼라테아 마코이아나,Calathea makoyana,Peacock plant,"칼라테아 마코이아나는 키우기가 쉬운 식물은 아니지만 많 은 사람들이 독특한 잎을 감상하기 위해 정성을 쏟는 식물로 잎이 화려한 공작 꼬리 무늬와 닮았다하여 영명이 Peacock plant이다. 같은 마란타그룹에 속해 있어 마란타(Maranta leuconeura)와 혼동하기도 하지만, 다른 외형적 특징을 가 지고 있다. 계란형태의 잎은 은색빛이 도는 바탕에 짙은 녹 색의 반점모양의 무늬가 있고, 반점색 보다 옅은 녹색으로 테두리가 둘러져 있다.","토양이 항상 촉촉하게 관리하고 겨울에는 물주는 횟수를 줄 인다. 특히, 겨울에는 실내온도와 비슷한 온도의 물을 줘야 한다. 정기적으로 잎에 분무한다.",직사광선을 피하고 잎에 자주 분무한다. 너무 건조하면 해충이 발생한다.,마란타과,18~27℃ (최저 13℃),반음지~반양지,높거나 보통,"공기정화작용, 음이온 발생, 상대습도 증가","응애, 깍지벌레",상,,"칼라테아 마코이아나는 온도, 습도, 공중습도 등 조금이라도 변화가 있으면 잎이 말리거나 갈색으로 변하기 때문에 기르기가 까다로운 식물이다.",,
마란타,Maranta leuconeura var. kerchoveana,"Ten commandments, Prayer plant",마란타는 연한 녹색 잎에 진한 녹색 반점이 잎맥을 중심으 로 2열로 있는 독특한 무늬가 인상적인 식물이다. 마란타속 에는 여러 가지 변종이 있지만 키우기가 가장 쉬운 품종이 다. 다 자라도 20~30cm 정도의 높이로 키가 작고 가지가 많 아 자라면서 방사상으로 퍼진다. 영어이름이 Prayer plant인데 식물 체내 수분을 유지하기 위 해 해질 무렵 잎을 위로 모으는 모양이 마치 기도할 때 손을 모으는 모습과 비슷해 유래했다. 현재 키우고 있는 마란타가 낮에는 잎을 펼치고 밤에는 잎을 위로 세운다면 환경에 잘 적응하고 있는 것이라 할 수 있다.,"토양을 촉촉하게 유지하고, 분무를 자주하는 것이 좋다. 겨울에는 물주는 횟수를 줄이고, 물을 받아 두었다 실내온도 와 비슷한 온도로 물을 주어야 한다.",난방 등으로 공기가 건조하면 해충이 생기기 쉽다. 너무 서늘한 곳에 두면 잎이 갈변할 수 있다.,마란타과,21~27℃ (최저 13℃),양지~반양지,보통,"공기정화, 음이온 발생, 상대습도 증가","응애, 깍지벌레",중,,,마란타 그룹(THE MARANTA GROUP) 문제 발생시 ▶ 잎 끝이 갈변하고 건조할 때. 성장 저해 될 때 : 공기가 너무 건조할 경우 응애가 발생할 수 있음. 죽은 잎과 가지를 제거하고 잎에 정기적 으로 분무 ▶ 잎이 말리고 얼룩이 질 때. 아래 잎이 노랗게 될 때 : 물을 적게 주는 경우. 많은 실내식물과 달리 토양이 항상 촉촉하게 유지되어야 하며 식물 이 활발하게 자랄 때 물이 마르지 않도록 해야 함 ▶ 잎이 떨어질 때 : 공중습도가 너무 건조할 경우. 특히 낮은 공중 습도에 민감하며 토양을 촉촉하게 유지. ▶ 줄기가 힘이 없거나 썩어갈 때 : 특히 겨울철 공기가 너무 서늘하고 토양이 너무 축축할 경우 토양이 마르도록 한 후 다시 조금씩 관수 ▶ 잎이 변색되거나 누렇게 마를 때 : 빛이 너무 과할 때로 특히 직사광선일 경우로 식물을 바로 옮겨 줘야 함,
몬스테라,Monstera deliciosa,Swiss cheese plant,"거칠고 무성해 보이는 외형, 공중으로 쭉 뻗은 뿌리에 찢어진 큰 잎(어린 잎에는 구멍이 없 다)을 지닌 몬스테라는 인기가 많은 실내식물로 기르기와 관리가 쉽다. 원산지가 멕시코와 중앙아메리카인 상록성 착생식물로 몬스테라속(屬)에는 30여 종이 있다. 잎의 모양은 다소 깃처럼 갈라지고, 군데군데 구멍이 파여 있어 폭우와 강한 바람에 견딜 수 있는 구조로 발달하였으며, 밑에 달린 잎에 광선이 통할 수 있도록 되어 있다. 원줄기는 굵고 초록색이며 마디에서 기근(氣根)이 내리고 다른 물체에 붙어 올라간다. 천남성과의 식물로 육수화서의 꽃이 피고, 성숙한 열매는 옥수수 이삭같이 생겼으며 바나나와 같은 향기가 있고 식용이 가능하여 몇몇 나라에서는 별미로 통한다. 번식은 포기나누기 또는 꺾꽂이로 한다.",흙을 촉촉하게 유지한다.,가지치기를 하지 않으면 웃자라 주변 식물에 영향을 준다.,천남성과,16~25℃ (최저 13℃),반양지~반음지 (직사광선 노출시 잎이 탐),보통,공기정화,"응애, 깍지벌레",하,식물 모든 부분,덩굴성이라 위로 자라게 하려면 지지대가 필요하다.," ▶잎의 가장자리에서 액이 나올 때 : 토양이 과습할 경우로 토양을 마르게 하고 물주는 주기를 늘려줌 ▶ 웃자라거나 작고 잎 색이 바랄 때 : 빛이 너무 적을 경우로 몬스테라는 어두운 그늘에서 자라지 않음 몬스테라잎 뒷면의 갈색 반점 : 응애가 원인일 수 있음 ▶ 줄기가 썩어갈 때 : 줄기썩음병. 보통 겨울에 발생하는데 습기가 많고 온도가 낮을 때 활성화되는 곰팡이 때문임. 식물을 살리려면 토양 을 건조하고 따뜻하게 유지하고 분갈이함 ▶ 잎 끝과 가장자리가 얇아지고 건조하며 갈변될 때 : (1) 공기가 건조할 경우로 화분 주위와 잎에 분무 (2) 뿌리가 화분에 꽉 차있을 때도 비슷한 증상을 보임 (3) 일반적으로 과습일 경우 잎 끝이 갈변되고, 침수되었 을 때 누렇게 됨 ▶ 누렇게 된 잎들 : (1) 많은 잎이 시들고 썩어, 식물 전체가 크게 영향을 받았 다면 과습일 수 있음 (2) 시든 잎이 없으면 영양부족일 수 있음 (3) 하단의 잎만 영향을 받았거나, 잎에 갈색 반점이 있고, 새 잎이 작고 어두운 색을 띠고 있으면 물을 적게 주는 것이 원인일 수 있음 (4) 햇빛을 너무 많이 받았을 경우 잎 색이 연해지고 누런 반점이 생김 ▶ 잎에 구멍 없음 : 어린 식물의 잎은 잘리지 않고 구멍이 나지 않은 것이 정상임. 성숙한 잎에 구멍이 없는 경 우는 빛과 통풍, 수분 및 영양이 부족할 경우임 ▶ 잎이 떨어질 때 : 수령에 따라 가장 아래 잎이 떨어지는 것은 정상임. 비정상적으로 낙엽이 진다면, 항상 위 에 있는 잎에서 문제점을 확인해야 함. 잎들이 떨어지기 전에 갈변하고 건조하게 된다면, 지나치게 따뜻해서임. 보통 겨울철 화분이 라디에이터 등의 전열기 근처에 있을 때 발생함",
남천,Nandina domestica,"Heavenly bamboo, Sacred Bamboo","환경 적응력이 뛰어나고 생명력이 강한 남천은 대나무같은 곧은 줄기에 작은 초록색 잎들이 가득 달린 생기있는 모습으 로 사랑받는 식물이다. 남부지방에서는 월동이 가능한 상록 관목 식물인 남천은 실내·외 조경수로 사계절의 모습을 생 생하게 담아낸다. 봄에는 마른 가지에 새잎이 돋기 시작하여 점점 무성해지고, 초여름에 작은 흰색 꽃이 피고 꽃이 진 뒤 에는 붉은 열매를 맺는다. 가을에는 단풍과 붉은 열매를 보 여주는 등 꽃·잎·열매·단풍이 모두 아름답다. 화분의 흙은 배수가 잘되는 비옥한 사질양토를 사용한다. 종자번식, 삽목, 접목, 분주 등 다양한 방법으로 번식한다.","봄~가을에는 토양표면이 말랐을 때 충분히 물을 주고, 겨울 에는 화분흙이 대부분 말랐을 때 충분히 물을 준다.",직사광선을 피하고 햇빛이 잘 드는 곳에 둔다.,매자나무과,16~25℃ (최저 5℃),양지~음지,보통,포름알데히드 제거,"응애, 깍지벌레",하,,"실내·외, 옥상 등 정원수로 많이 사용되는 남천은 실내에서 기를 때에는 거실 창가나 베란다, 빛을 많이 받을 수 있는 곳에서 키우는 것이 좋다.",,난초류 다시 꽃피우기 tip이 있음.
심비디움,Cymbidium spp.,Cymbidium,"심비디움은 열대종과 온대종이 있고 흔히 꽃이 크고 화려한 것은 열대종이다. 최근에 온대성 심비디움과의 교잡에 의해 신품종이 많이 육성되어 향기가 나거나 포기가 작아진 종도 생겼다. 저온에 강해서 2~3℃에도 견디지만 꽃을 피우기 위 해서는 최저 12℃ 이상이어야 한다. 보통 우리나라에서는 겨 울에 꽃이 피고, 꽃 피는 기간도 긴 편이다. 번식은 포기나누기, 조직배양으로 한다.","봄, 겨울에는 화분흙이 대부분 말랐을 때 물을 충분하게 주 고, 여름~가을에는 토양표면이 말랐을 때 충분히 물을 준다.","여름에 50~70% 햇빛을 가려주고, 공중습도를 60~70% 정 도 유지한다. 밤 온도가 15℃ 이상 너무 높아지면 꽃이 잘 피 지 않거나 꽃 색이 불량해진다.",난초과,16~24℃ (최저 12℃),양지~반양지,높은편,공기정화 효과,"응애, 깍지벌레",상,,햇빛이 잘 들고 통풍이 잘되는 베란다에 두면 좋다. 베란다가 겨울철에 12℃ 이하가 지속되 면 꽃이 피기 어려우므로 주의한다.,,
덴드로비움,Dendrobium spp.,Dendrobium,덴드로비움은 보통 고개를 숙이고 있는 줄기 위에서 일렬로 핀다. 개화기간은 일주일에서 몇 개월 동안으로 품종에 따 라 다르다. 워낙 광범위하게 분포되어 식물의 종수도 많고 특성이 다양하다. 개화습성도 품종마다 다르기 때문에 구입 할 때 고려해야 한다. 속명 Dendrobium은 나무를 뜻하는 dendron과 생활을 뜻 하는 bios에서 온 것으로 “life in a tree (나무에서의 삶)” 이 라는 뜻이다. 이름에서 알 수 있듯이 대부분의 덴드로비움 속의 식물은 다른 나무나 바위 면에 붙어 자라는 착생식물 이다. 건조하고 낮은 온도에서 잘 견디며 대개 직립성이다.,"표면이 마르면 물을 준다. 건조하지 않도록 자주 분무해주 고, 너무 습하지 않도록 환기에도 주의한다. 겨울에는 뿌리 가 시들지 않을 정도만 물을 준다.","직사광선 피하고 잎에 자주 분무한다. 너무 건조하면 해충이 발생하고, 물을 너무 많이 주면 곰팡이병에 걸린다.",난초과,16~24℃ (최저 5℃),반양지,높거나 보통,"알코올·아세톤· 포름알데히드 등 제거, 공기정화","응애, 깍지벌레",상,,"난초과 식물은 다육식물, 브로멜리아류와 마찬가지로 밤에 이산화탄소를 흡수하므로 꽃이 피었을 때는 햇빛이 잘 드는 침실에 두면 좋다.",,
온시디움,Oncidium spp.,Butterfly Orchid,"멕시코, 브라질이 원산지인 온시디움은 열대지방에서 자라 는 착생란으로 다른 식물의 표면이나 바위 등에 붙어서 생 장한다. 많은 품종 있지만 보통 재배되는 것은 작은 노란색 꽃이 스파켈라툼(Oncidium sphacelatum), 작은 노란색 꽃 이 피며 작은 분으로 가꿀 수 있는 플렉수오숨(Oncidium plexuosum) 등이 있다. 봄에 포기나누기로 번식한다.",표면이 마르면 충분히 물을 주고 가을부터는 약간 건조하 게 관리한다.,"꽃이 진 후에는 해가 잘 들고 통풍이 되는 장소, 베란다에 서 관리한다. 밤에는 시원하고 수분이 충분해야 잘 자란다. 직사광선은 피하고, 통풍이 잘 되도록 관리하며, 추위에 약하므로 최저 10℃ 이상 유지해 줘 야 한다. 또한 겨울철에는 햇빛이 약해지므로 빛이 부족하지 않게 관리해야 한다.",난초과,21~25℃ (최저 10℃),반양지,높은편~보통,상대습도 증가,"응애, 깍지벌레",중,,"난초과 식물은 다육식물, 브로멜리아류와 마찬가지로 밤에 이산화탄소를 흡수하므로 꽃이 피었을 때는 햇빛이 잘 드는 침실에 두면 좋다.",,
팔레놉시스(호접란),Phalaenopsis spp.,Moth Orchid,"호접란으로 알려진 팔레놉시스는 영어이름도 Moth Orchid 로 꽃의 외형이 호랑나비를 닮아 유래하였다. 흰색, 노란색, 분홍색, 혼합색 등 다양한 꽃 색과 혁질의 잎이 넓고 두껍 다. 줄기가 짧은 단축성(短軸性) 식물이고, 모든 잎이 하나의 줄기에서 나온다. 서양난을 처음 키우는 사람도 쉽게 키울 수 있을 만큼 실내환경에 잘 적응하고, 꽃의 개화기가 길다.","봄~가을에는 토양표면이 말랐을 때 충분히 물을 주고, 겨울 에는 화분흙이 대부분 말랐을 때 충분히 물을 준다. 분무를 자주하는 것이 좋다.","물을 너무 많이 주면 곰팡이에 의해 병이 발병하고, 공기가 너무 건조하면 해충이 발생할 수 있다. 개화기가 끝난 다음에 첫 번째 꽃이 나와 있는 마디 바로 밑부분을 잘라낸다. 주·야간 온도 의 차이가 5℃이상, 수일동안 지속되어야 또다시 꽃이 핀다. 겨울~초여름에 핀 꽃이 피고난 후에 줄기를 2~3마디 남기고 자른다. 밤에 온도차이가 나는 곳에서 일정기간을 지내고 나면 또다시 꽃을 피우게 된다.",난초과,21~25℃ (최저 13℃),양지~반양지,보통,"포름알데히드 제거, 상대습도 증가",깍지벌레,하,,"난초과 식물은 다육식물, 브로멜리아류와 마찬가지 로 밤에 이산화탄소를 흡수하므로 햇빛이 잘 드는 침 실에 두면 좋다. 낮에 햇빛을 많이 받을수록 이산화탄 소 고정능력이 상승한다. 팔레놉시스는 난초과 식물 중에서 밤에 이산화탄소를 흡수하는 CAM 성질을 가 장 크게 갖고 있는 식물이다.","난초류(Orchids) 문제 발생시 ▶ 옅은 갈색의 반점이 있는 잎이 보일 때: 1) 반점이 딱딱하고 건조한 것은 햇빛에 그을린 경우. 식물을 그늘진 곳에 배치 2) 반점이 무른 것은 곰팡이가 생겼을 경우로 병든 부분을 잘라줌 ▶ 식물 성장이 저해될 때: 1) 빛이 충분한 장소에 배치 2) 빛은 충분하나 물주기가 잘못되면 생장에 문제가 생김 ▶ 잎에 곰팡이가 생길 때: 온도가 낮고 습기가 많아 물이 빠르게 증발하지 않으면 곰팡이의 원인이 될 수 있음 ▶ 꽃이 없을 때: 1) 부적절한 재배 방법으로 생장이 저해될 경우 2) 식물은 건강하지만 빛이 부족할 경우 Tip 난초류(Orchids)에 사용하는 토양: 난초류의 뿌리는 통기성이 좋아야 하므로 수태, 난석, 굵은 마사토 등으로 식재한다. 착생난의 경우에는 바크, 수태, 코코넛섬유 등을 사용한다(38쪽).",
나도 풍란,Sedirea japonica,Nadopungran,"대엽 풍란인 나도풍란은 우리나라 제주도와 남해안을 중심 으로 도서지방에 자생하는데 습도가 높고 통풍이 잘 되는 곳 에서 잘 자란다. 흰 꽃은 4~6월에 피며, 개화기간이 15~20일 정도로 길며, 꽃의 향기가 진하고 좋다. 착생난으로 나무의 줄기가 암벽에 붙어 살아가고 습도가 높은 곳에 뿌리가 노 출되어야 잘 자란다. 일본에서 많은 개량품종이 개발되었고, 일부가 우리나라에도 들어왔다.","3~6월까지는 물을 충분히 주고 10월부터는 물을 줄여 꽃눈 이 잘 형성되도록 한다. 여름철에는 습도가 80~90%정도가 적당하고, 겨울철에는 50%가 적당하다.","공중습도가 건조할 때는 자주 분무해 주고, 습할 때는 환기 를 자주 해준다.",난초과,21~25℃ (최저 7℃),반양지 (여름에 차광 필요),높은편,"포름알데히드 제거, 상대습도 증가","응애, 깍지벌레",중,,"나도풍란은 착생란이므로 화분에 심어도 좋지만 수태, 돌, 고목 등에 부착하여 뿌리가 노출 되어도 멋있다. 다른 난류에 비해 크기, 잎 면적이 작은 편이지만 포름알데히드 제거능력이 뛰어나고 상대습도 증가량도 우수하다. 침실 또는 거실에 두면 새집증후군을 없애는데 도움이 된다.",,
파키라,Pachira aquatica,"Provision tree, Money tree","두꺼운 줄기에서 뻗은 가느다란 가지가 특징인 파키라는 줄 기는 벽오동처럼 생겼으나 밑 부분은 갈색의 곤봉처럼 생 겼다. 꽃은 크고 아름다워 감상하기에 좋고, 열매는 땅콩 맛이 나 식용할 수 있다. 외국에서는 Money tree라고 부르며, 잎과 꽃은 채소처럼 식용한다. 씨뿌리기와 꺾꽂이로 번식하는데, 줄기를 자르면 여러 개의 새순이 나오기 때문에 1∼2개의 줄기에 여러 개의 작은 줄기 와 잎을 가꿔 상품가치를 높일 수 있다.","봄~가을에는 토양 표면이 말랐을 때 충분히 물을 주고, 겨울 에는 화분흙이 대부분 말랐을 때 충분히 물을 준다.",과습에 주의한다. 반음지를 좋아하고 배수가 잘 되는 땅에서 잘 자란다. 건조하지 않도록 주의해야 한다.,물밤나무과,20~30℃ (최저 13℃),반양지,보통,"미세먼지 제거, 포름알데히드 제거, 이산화탄소 제거","진딧물, 깍지벌레",중,,이산화탄소를 없애는 능력이 뛰어나 공기정화 능력이 좋아 아파트의 베란다 또는 거실에 서 키우면 좋다.,,
테이블야자,Collinia elegans,Parlour palm,"영국의 빅토리아 시대부터 인기있는 식물로 관리가 쉽고 실내 환경에 대한 적응력이 좋아 잘 자란다. 원산지에서는 1~2m까지도 자라지만, '책상 위에 올려놓고 키운다'하여 탁 상야자, 테이블야자라고 부른다. 습도조절 능력도 뛰어나고 벤젠, 포름알데히드 등 화학물질을 제거하는 능력이 좋아 공 기정화식물로 적절하다.",잎에 물을 종종 분무한다. 봄~가을까지는 흙을 촉촉하게 유 지하고 겨울은 화분흙이 대부분 말랐을 때 충분히 물을 준 다.,가지치기를 하지 않으면 식물이 웃자라 주변 식물 생장에 영 향을 준다. 직사광선은 피하도록 한다. 여름에 물로 잎의 먼지를 닦아주면 좋다.,야자과,10~27℃ (최저 10℃),"반양지, 반음지",낮거나 보통,"포름알데히드 제거, 공기정화","깍지벌레, 가루깍지벌레",하,,"크기가 작지만 섬세한 외모와 나무형상을 가지고 있어 테라리움, 디시가든 등 식물 모아심 기에 많이 사용한다.",,
아레카야자,Dypsis lutescens,"Golden cane palm, Areca Palm, Butterfly palm","시원하게 뻗은 큰 잎이 곡선과 직선으로 아름답게 조화되어 있고 회오리 다발처럼 보이는 긴 줄기에서 나온 아치모양의 깃털같은 잎들이 싱그럽다. 생육이 빠르며 실내환경에 대한 적응성이 매우 높다. 줄기가 노란색을 나타내는 것이 원래 특성이고, 잎 끝이 갈 변하는 것이 정상이다. 1.8m 크기의 아레카야자가 하루 동안 약 1리터의 물을 증산 작용으로 방출하고, 공기 속에 있는 화학적인 독소들을 제거 한다. 미국 항공 우주국(NASA)가 선정한 환경친화적인 식 물 1위로 선정되었다.",수돗물 염소피해에 주의한다. 잎에 자주 분무하여 건조하지 않게 하고 화분흙이 습하지 않게 주의한다.,"직사광선에 약해 잎에 손상이 가기 쉬우므로 직사광선을 피 한다. 가지치기하지 않으면 웃자라 주변 식물의 생장에 영 향을 준다. 체내에 염분이 생기면 특정가지로 축적하여 마르는 특성이 있는데, 바로 제거해 주는 것이 좋다. 수직정원에 식재할 경우 통풍을 자주 시켜줘야 하므로 공조 기가 항상 틀어져 있는 상태를 유지해야 한다. 잎에 먼지가 쌓여 기공을 막으면 공기정화능력이 약해지므 로 샤워기로 물을 뿌려주거나 젖은 천이나 티슈로 닦아준다. 봄~가을 성장기에 2~3차례 액비를 준다.",야자과,18~24℃ (최저 13℃),반양지,보통,"상대습도 증가, 음이온 발생, 공기정화","응애, 깍지벌레",하,,"가정, 사무실, 상업 공간 등 많이 이용되는데 넓은 공간에 잘 어울린다.",,
관음죽,Rhapis excelsa,"Fan palm Miniature, Bamboo palm, Lady palm","원산지가 중국이지만 관음죽의 식물명은 일본에 있는 관음 산에서 기원되었고 일본을 거쳐 유럽으로 전파되었다. 잎은 윤기있고 끝이 톱니바퀴 형태로 갈라져 독특하다. 성장이 느 려서 관리하기도 쉽고, 병충해도 잘 생기지 않으며 공기정 화 효과도 탁월하다. 포기나누기로 번식이 가능하다. 번식 시기는 5~6월이 좋고, 작업 후에는 어두운 곳에서 적응하도록 한다.","봄~여름에는 물을 넉넉하게 주고, 겨울철 따뜻하고 건조한 실내에서는 물을 더 자주 준다.",직사광선을 받으면 잎이 노랗게 변할 수 있으므로 직사광선 을 피한다. 염분이나 무기양분이 잎 끝에 축적되어 갈색으로 변하면 그 부분만 잘라준다.,야자과,16~21℃ (최저 10℃),"반양지, 음지",보통,"포름알데히드 제거, 암모니아 흡수, 음이온 발생, 상대습도 증가","응애, 병충해에 강함",하,,휘발성 화학물질뿐 아니라 특히 암모니아를 잘 흡수하기 때문에 빛이 들어오는 화장실에 두면 좋다.,야자류(Palms) 문제 발생시 ▶ 잎 끝이 갈변할 때: 1) 공기가 건조할 경우. 기온이 높을 때 주기적으로 분무 2) 물을 적게 줄 경우 3) 기온이 낮을 경우 4) 접촉에 의한 손상 ▶ 잎이 노랗게 변할 때: 물을 적게 주었을 경우 (여름에 뿌리가 마르지 않게 함) ▶ 잎에 갈색 반점이 나타날 때: 물을 지나치게 주거나 갑작스럽게 찬공기를 접하면 발생. 감염된 잎을 제거하고 생장 환경 을 개선함 ▶ 갈변한 잎의 원인: 1) 가장 하단의 잎이 갈변하고 떨어지는 것은 자연스러운 현상이다. 이러한 잎은 절단하여 제거하는 것이 좋음 2) 물을 너무 많이 주면 식물체가 갈변과 동시에 썩을 수 있음,
에덴로소,Peperomia caperata rossa,Peperomia Rosso,"페페로미아 종류이며 주로 남미 아마존 부근이 원산지이다. 에덴로소는 잎 뒷면이 붉은 색을 띄고 전체적으로 특이한 무 늬와 질감으로 최근에 인기가 높아졌다. 반양지~반음지에 적당하며 한여름의 직사광선은 피하고, 배 수가 잘되는 흙이 좋다. 잎꽂이로도 번식이 잘된다.",흙이 마르면 충분히 물을 준다.,건조할 때 잎에 분무하여 습도를 유지하는 것이 중요하다.,후추과,18~25℃ (최저 10℃),"반양지, 반음지",높거나 보통,"공기정화, 이산화탄소 흡수","깍지벌레, 총채벌레",중,,,,
홍테 페페로미아,Peperomia obtusifolia,Peperomia red-edge,"페페로미아는 열대아메리카, 남부 플로리다에 자생하고, 약 1,000여 종이 있으며, 상업적으로 크기와 모양이 다양한 원 예품종들이 재배되어 실내식물로 인기가 많다. 많은 페페로미아 종류가 착생식물로 자란다. 자생지의 환경 에서 착생하는 성향으로 페페로미아는 높은 공중습도를 좋 아하며 토양수분이 적고 광도가 낮은 환경에서 잘 자란다. 페페로미아의 꽃은 잎 끝에 길쭉하고 가느다란 것이 줄기 같 은 생김새로 형성되어 독특하다. 추위에는 좀 약한 편이나, 번식이 용이하다.",과습에 약해서 특히 물주기에 주의해야 한다. 흙이 마르면 충분하게 물을 준다. 겨울에는 내한성을 높이기 위해 평소보 다 약간 건조하게 유지한다.,건조할 때 잎에 분무하여 습도를 유지하는 것이 중요하다.,후추과,18~25℃ (최저 10℃),"반양지, 반음지",높거나 보통,"포름알데히드 제거, 공기정화, 이산화탄소 흡수","총채벌레, 깍지벌레",하,,"생장이 더딘 편이라 디시 가든(Dish garden), 테라리엄(Terrarium) 에서 많이 사용한다.","페페로니아속(Peperomia) 문제 발생시 ▶ 잎 끝과 가장자리가 갈색일 때: 기온이 갑자기 떨어질 경우로 손상된 잎을 제거. 식물을 창가 같이 바람을 바로 접하거나 추운 환경, 그리고 건조한 곳에 두는 것을 피함 ▶ 잎이 갑자기 시들 때: 토양에 수분이 부족할 때이므로 물을 충분히 관수함 ▶ 겨울에 갑자기 잎이 떨어질 때: 온도가 매우 낮을 때. 최소 10℃ 이상으로 유지 ▶ 잎이 시들고 변색될 때. 줄기나 잎이 썩을 때 및 잎 하단에 목질화가 될 때: 겨울철에 물을 너무 많이 줬을 경우. 물주는 횟수와 물양을 줄임",
청페페,Peperomia obtusifolia,Baby rubber plant,"페페로미아는 열대아메리카, 남부 플로리다에 자생하고, 약 1,000여 종이 있으며, 상업적으로 크기와 모양이 다양한 원 예품종들이 재배되어 실내식물로 인기가 많다. 많은 페페로미아 종류가 착생식물로 자란다. 자생지의 환경 에서 착생하는 성향으로 페페로미아는 높은 공중습도를 좋 아하며 토양수분이 적고 광도가 낮은 환경에서 잘 자란다. 페페로미아의 꽃은 잎 끝에 길쭉하고 가느다란 것이 줄기 같 은 생김새로 형성되어 독특하다. 추위에는 좀 약한 편이나, 번식이 용이하다.",과습에 약해서 특히 물주기에 주의해야 한다. 흙이 마르면 충분하게 물을 준다. 겨울에는 내한성을 높이기 위해 평소보 다 약간 건조하게 유지한다.,건조할 때 잎에 분무하여 습도를 유지하는 것이 중요하다.,후추과,18~25℃ (최저 10℃),"반양지, 반음지",높거나 보통,"포름알데히드 제거, 공기정화, 이산화탄소 흡수","총채벌레, 깍지벌레",하,,"생장이 더딘 편이라 디시 가든(Dish garden), 테라리엄(Terrarium) 에서 많이 사용한다.","페페로니아속(Peperomia) 문제 발생시 ▶ 잎 끝과 가장자리가 갈색일 때: 기온이 갑자기 떨어질 경우로 손상된 잎을 제거. 식물을 창가 같이 바람을 바로 접하거나 추운 환경, 그리고 건조한 곳에 두는 것을 피함 ▶ 잎이 갑자기 시들 때: 토양에 수분이 부족할 때이므로 물을 충분히 관수함 ▶ 겨울에 갑자기 잎이 떨어질 때: 온도가 매우 낮을 때. 최소 10℃ 이상으로 유지 ▶ 잎이 시들고 변색될 때. 줄기나 잎이 썩을 때 및 잎 하단에 목질화가 될 때: 겨울철에 물을 너무 많이 줬을 경우. 물주는 횟수와 물양을 줄임",
콩고 필로덴드론(콩고),Philodendron 'Congo',Rojo Congo Philodendron,필로덴드론의 종류가 덩굴성이거나 지지대가 필요한 경우 가 많은데 이 식물은 웃자라지 않으면 스스로 잘 서있다. 보 통 실내에서 40cm까지 자라지만 조건이 맞으면 3m 정도로 크게 자란다. 해충이 잘 생기지 않는다. 독성이 있으므로 어린아이나 애완동물은 주의해야 한다.,"봄~가을에는 토양 표면이 말랐을 때 충분히 물을 주고, 겨울 에는 화분흙이 대부분 말랐을 때 충분히 물을 준다.","가지치기를 하지 않으면 웃자라 주변 식물에 영향을 준다. 반양지에서 키우는 것이 적당하며 오래된 잎은 노란색으로 되는데 자연스러운 현상이다. 단, 빛을 너무 많이 받으면 여 러 잎이 동시에 노란색으로 변하는데 이때는 위치를 바꿔줘 야 한다. 반대로 빛이 부족하면 웃자랄 수 있다. 배수에 신경을 써야 한다.",천남성과,21~25℃ (최저 13℃),반양지,보통,"공기정화, 이산화탄소 흡수","응애, 깍지벌레",하,수액에 독성 함유,,,
셀로움 필로덴드론,Philodendron bipinnatifidum,Tree Philodendron,갈라진 잎 모양이 조형적이고 크게 자라 넓은 공간에 단독 으로 놓아도 보기에 좋으며 관리도 쉬워 실내식물로 인기 가 높다. 성장하면서 목질화되고 관목형태가 된다. 다비성 식물이지만 과도한 비료로 너무 크게 자랄 수 있으니 적당 히 조정해준다. 반음지에 적당하지만 너무 어두우면 웃자라고 잎이 처질 수 있다. 수액에 독성이 있어 자른 단면이 피부에 닿지 않도록 조심 한다.,겨울을 제외하고는 촉촉한 편이 좋으나 과습에 주의한다. 토양표면이 마르면 물을 충분히 준다.,가지치기를 하지 않으면 웃자라 주변 식물에 영향을 준다. 화분에 뿌리가 꽉 차면 생장에 지장이 있으므로 더 큰 화분 으로 분갈이 한다.,천남성과,16~21℃ (최저 13℃),반음지,보통,"포름알데히드·일산화탄소 제거, 이산화탄소 감소, 상대습도 증가, 음이온 발생, 공기정화","진딧물, 깍지벌레",하,수액에 독성 함유,"가정에서 기르는 중간 크기의 식물로 포름알데히드 제거, 음이온 발생과 상대습도 향상에 도 움을 주어 공부방, 거실, 사무실 등 어디에 놓아도 잘 어울린다.",,
옥시카르디움 필로덴드론,Philodendron hederaceum,"Sweet heart plant, Heart-Leaf","잎이 하트모양으로 광택이 있으며, 잎의 길이가 20cm 길이 까지 크게 자랄 수 있다. 덩굴성 식물로 위로 키우려면 지주 대가 필요하고, 풍성하게 키우려면 정기적으로 덩굴 끝을 잘 라주고, 분무를 자주 한다. 필로덴드론속 식물 중에서 키우 기가 쉬운 편이며 병충해에 강하며, 빛이 희미해도 잘 자라 기 때문에 식물을 처음 키우는 사람에게 적합하다. 꺾꽂이로 번식이 잘 되며, 토양이나 수경재배 모두 잘 자란 다.","토양을 촉촉하게 관리하고, 겨울철에는 물주는 횟수를 줄인 다. 분무를 자주해주는 것이 좋고, 가끔씩 젖은 천으로 잎을 닦아 주는 것이 좋다.",온도가 낮고 과습할 경우 뿌리썩음병이 발생할 수 있다.,천남성과,14~21℃ (최저 13℃),반양지~반음지,낮거나 보통,"포름알데히드·벤젠 등 다양한 공기오염물질 제거, 음이온 발생, 상대습도 증가","응애, 깍지벌레",하,수액에 독성 함유,생장이 느린 식물로 걸이 화분에서 키우면 좋다.,"필로덴드론속(Philodendron) 문제 발생시 ▶ 잎의 가장자리에서 액이 나올 때 : 토양이 과습할 경우로 토양을 마르게 하고 물주는 주기를 늘림 ▶ 웃자라거나 작고 잎 색이 바랄 때 빛이 너무 적을 경우 (어두운 그늘에서 자라지 않음) ▶ 잎 뒷면의 갈색 반점 : 응애가 원인일 수 있음 ▶ 줄기가 썩어갈 때 : 줄기썩음병. 보통 겨울에 발생. 습기가 많고 온도가 낮을 때 활성화되는 곰팡이 때문임 식물을 살리려면 토양을 건조하고 따뜻하게 유지하고 분갈이함 ▶ 잎 끝과 가장자리가 얇아지고 건조하며 갈변될 때 : (1) 공기가 건조한 경우로 화분 주위와 잎에 분무함 (2) 뿌리가 화분에 꽉 차있을 때도 비슷한 증상을 보임 (3) 일반적으로 과습일 때 잎 끝이 갈변되고, 침수되었을 때 누렇게 됨 ▶ 누렇게 된 잎들 : (1) 많은 잎이 시들고 썩어, 식물 전체가 크게 영향을 받았다면 과습일 수 있음 (2) 시든 잎이 없으면 영양부족일 수 있음 (3) 하단의 잎만 영향을 받았거나, 잎에 갈색 반점이 있고, 새 잎이 작고 어두운 색을 띠고 있으면 물을 적게 주는 것이 원인일 수 있음 (4) 햇빛을 너무 많이 받았을 때 잎 색이 연해지고 누런 반점이 생김 ▶ 잎이 떨어질 때 : 해가 지남에 따라 가장 아래 잎이 떨어지는 것은 정상임. 비정상적으로 낙엽이 진다면, 항 상 위에 있는 잎에서 문제점을 확인해야 함. 잎들이 떨어지기 전에 갈변하고 건조하게 된 다면, 지나치게 따뜻해서임. 보통 겨울철 화분이 라디에이터 등의 전열기 근처에 있을 때 발생함",
돈나무,Pittosporum tobira,Australian laurel,"우리나라 남부 지방과 제주도의 바닷가 산지와 바위지대에 서 자생하는 돈나무는 상록 관목으로 물빠짐이 좋은 양지에 서 자란다. 5~6월 가지 끝에서 작은 흰색 꽃이 피는데 향기 가 좋고, 멀리까지 퍼지다 하여 '만리향'이라고 부르기도 한 다. 구형인 열매는 10~12월 황갈색으로 익는다. 높이가 보 통 2~3m까지 자라고 잎은 가지 끝에 모여 달리며 두꺼운 편이다. 돈나무는 열매에 파리 같은 곤충이 모여든다고 하여 제주 방 언으로 부르던 '똥낭(똥나무)'이 변한 것이라고 한다. 염분에 강해서 해안지방의 방풍림으로 사용되고 잎은 약용 이나 사료용으로 쓰인다.",봄~가을에는 토양 표면이 말랐을때 충분히 물을 주고 겨울 에는 화분흙이 대부분 말랐을때 충분히 물을 준다.,"조경수로 사용할 때는 반양지에서도 잘 자라지만 실내에서 기를 때에는 햇빛이 잘 드는 장 소에 배치한다. 빛이 부족할 경우 아래 잎이 떨어지고, 공중습도가 낮거나 토양이 건조하면 잎 가장자리가 뒤로 더 말린다.",돈나무과,15~25℃ (최저 0℃),양지,보통,"일산화탄소 제거, 상대습도 증가","응애, 깍지벌레",하,,가정에서 기를 때에는 햇빛이 잘 드는 거실이나 베란다에 배치하면 실내습도를 높일 수 있 다. 화훼장식에서 절지로 많이 활용하는 소재이다.,,
박쥐란,Platycerium bifurcatum,Common staghorn,"박쥐란은 열대 아프리카, 열대아시아 및 온대 오스트레일리 아 원산지의 착생식물로 전세계에 17여 종이 있다. 잎은 사슴 뿔 모양으로 아래로 늘어지는 혁질의 포자엽과 원형으로 편 평하고 기생역할을 하기 위해 나무에 밀착되어 있는 나엽으 로 나뉜다. 온도가 높으면 나엽의 발육이 나쁘게 되므로 밤 온도를 10℃ 정도 시원하게 유지한다. 통풍을 좋아하고 건조에 강하다. 번식은 분주나 포자로 번식한다.",과습하지 않도록 주의한다. 해고판이나 자연목 등에 부착시 켜 재배할 때는 나엽이 뿌리부분을 덮고 있으므로 그 뒷면 에 충분히 물을 준다. 분에 심을 경우는 나엽이 분을 덮어버리므로 화분을 주기적 으로 물에 담가 충분히 흡수시킨다.,직사광선을 피하고 잎에 자주 분무한다. 잎을 주기적으로 정리해 주변 식물 생장에 영향을 주지 않도록 한다.,봉의꼬리과,16~25℃ (최저 12℃),양지~반양지,높은편,미세먼지 제거,깍지벌레,상,,습도가 높은 환경을 좋아하므로 자주 분무한다. 건 조한 바람이 직접 식물에 닿으면 잎 끝이 누렇게 변 하므로 여름철에 에어컨 바람에 주의한다. 해고나 자연목에 붙여 실내 벽이나 높은 위치에서 두면 좋다,,
만병초,Rhododendron brachycarpum,Short-fruit rosebay,"만병초는 만가지 병을 고친다하여 붙여진 이름이다. 우리나 라 희귀 및 멸종위기 식물 16호이다. 경북 울릉도를 포함해 고산지대(지리산, 백두산, 한라산 등) 능선에서 자라는데, 햇 빛이 많이 들지 않고, 습도가 높은 곳에서 잘 자란다. 1~4m 정도 자라는 상록관목으로 잎은 어긋나게 달리고, 가지 끝 에는 5~7장이 붙어 난다. 6~7월에 가지 끝에 꽃이 피며, 9월 에 갈색으로 열매가 익는다. 정원, 분화 등으로 관상용으로 이용되며 잎은 약용으로 쓰인다. 만병초 잎에는 안드로메도 톡신이라는 유독성분이 함유되어 구토와 설사 등을 일으키 므로 주의한다. 배수가 잘되며 토심이 깊고 부식질이 많은 산성토양을 좋 아한다.","잔뿌리가 많아 흙이 완전히 건조하지 않게 관리하고, 토양표 면이 마르면 물을 준다.",품종에 따라 월동온도가 다르므로 일반적으로 0℃ 이상 되는 장소에서 관리한다.,진달래과,10~20℃ (최저 0℃),반음지~반양지,보통,"톨루엔 제거, 음이온 발생, 상대습도 증가, 이산화탄소 감소","엽고병, 갈반병, 녹병",상,식잎에 유독성분 함유,"실내에서 기를 때에는 햇빛을 가장 많이 받을 수 있는 공간, 거실이나 베란다에 놓는다. 새집 증후군의 원인물질인 톨루엔 제거능력이 국립 원예특작원에서 측정한 식물 중 가장 탁월하였 다. 음이온 발생량과 상대습도 증가량도 커서, 자생식물로써 공기정화 식물로 개발 가치가 높 은 식물이다.",,
아잘레아,Rhododendron spp.,"Belgian Azalea, Florist's Azalea","우리가 흔히 보는 아잘레아는 심스아잘레아(Rhododendron simsii, Indian Azalea)와 영산 홍(Rhododendron indicum, Japanese Azalea)에서 개량된 품종이 많고, 둘 다 약 30-50cm 정도의 왜성 관목으로 인기가 많다. 실내식물로 인기가 많은 심스아잘레아는 중국 중부지방 이 원산지이나 19세기 초에 유럽으로 건너가서 영국, 네덜란드, 벨기에 등에서 품종이 개량 되어, 1850년 벨기에의 한 요양소에서 실내식물로 처음 도입되었다. 품종개량을 통해 연중 어느 때나 꽃이 피어있는 아잘레아를 구입할 수 있는데 흰색, 분홍색, 빨간색, 그리고 2가지 색이 어우러진 다양하고 화려한 꽃을 가지는 변종들도 있다. 식물에 독성이 있으니 주의한다.","항상 토양을 촉촉하게 유지하고 공중습도를 높게 한다. 단, 꽃이 필 때 물을 적게 주고 분무 를 중단하는 것이 개화기간을 길게 한다.","가을에는 질소보다 인산성분이 많이 든 비료를 줘야 꽃이 풍성하고 보기 좋다. 꽃이 지면 즉시 제거하고, 시든 잎과 가지를 잘라낸 후 좀 더 큰 화분에 옮겨 그늘진 장소 에 둔다.",진달래과,10~24℃ (최저 5℃),반양지~반음지,높은편,"공기정화, 음이온 발생, 상대습도 증가","응애, 깍지벌레",중,식물 모든 부분,"아잘레아를 구입할 때 봉오리에 꽃 색이 비치고, 수량이 많 은 것으로 선택한다.","▶ 잎이 쪼글쪼글해지는 원인 : (1) 잎이 쪼그라들고 떨어지는 가장 큰 이유는 뿌리가 계속 눅눅할 때임 (2) 공중습도가 너무 적을 경우 (3) 온도가 높거나 햇빛을 너무 많이 받을 경우 ▶ 개화기가 짧을 때 : (1) 덥고 건조한 공기 때문임. 화분을 전열기 가까이 두지 말고, 매일 잎에 분무 (2) 햇빛을 너무 많이 받고 물을 너무 적게 줘도 꽃이 빨리 시듦 ▶ 노란 잎의 원인 : 물에 있는 석회 때문임",
스투키 산세베리아,Sansevieria stuckyi,Stuckyi,생명력이 강해 키우기 쉬우나 뿌리 활착이 안 된 상태로 판 매하는 경우가 많아 과습에 주의해야 한다. 제대로 키워보 려면 부채모양의 한 몸으로 되어있는 것을 구매하는 것이 좋다.,물을 거의 안주다시피 해야 한다. 대략 1~2개월에 한번 물을 주고 겨울에는 더욱 물을 줄인다.,과습에 주의한다. 물을 거의 주지 않는다.,백합과,18~27℃ (최저 10℃),"반양지 , 반음지, 음지",낮은편,"공기정화, 이산화탄소 흡수","응애, 깍지벌레, 총채벌레",하,,"다육식물, 난과 식물, 파인애플과 식물은 밤에 이산화탄소를 흡수하므로 햇빛이 잘 드는 침실에 두면 좋다",,
산세베리아 라우렌티,Sansevieria trifasciata var. Laurentii,"Snake Plant, Mother-in-law's tongue","형태가 독특하여 실내정원 등에서 함께 디자인하면 다른 식 물과 대조를 이루며 이색적인 연출을 할 수 있다. 관리가 쉬 우며, 병충해도 강하여 인기가 좋다. 영명으로 Mother-in-law's tongue(시어머니의 혀)라는 재 미있는 별명이 있는데 '불멸의 생명력'을 가졌다는 것을 의 미한다. 다육식물로 밤에 이산화탄소를 흡수하고 산소를 배 출한다. 70여 종의 다양한 품종이 있는데, 그 중 우리나라에 서 10여 종이 유통된다. 대표종으로 산세베리아 '라우렌티' 외에도 키 등이 크지 않는 성질을 가진 왜성종 라우렌티 콤 펙타(Laurentii Compacta) 등이 있다.","장소, 생육정도, 심은 재료에 따라 물주는 조건을 달리해야 하나 일반적으로 봄, 가을에는 흠뻑 주며, 여름철에는 물주 기를 늘리고 겨울철에는 물주기를 줄인다.",과습을 주의한다. 토양재배를 할 경우 매년 분갈이를 해 주는 것이 좋으나 수경재배 시 여 러 해 동안 분갈이를 하지 않고 기를 수 있다. 분갈이할 때 생장점이 다치지 않게 유의한다.,백합과,18~27℃ (최저 10℃),"반양지 , 반음지, 음지",낮은편,"공기정화, 이산화탄소 흡수","응애, 깍지벌레, 총채벌레",하,,"다육식물, 난과 식물, 파인애플과 식물은 밤에 이산화탄소를 흡수하므로 햇빛이 잘 드는 침 실에 두면 좋다.","산세베리아속(Sansevieria) 문제 발생시 ▶ 식물 기저부가 썩을 때. 잎이 노랗게 변하여 고사할 때 : 1) 뿌리썩음병으로 겨울에 너무 많은 물을 줄 때 발생 2) 기저부 전체가 썩으면 상단의 잎을 잘라내 잎꽂이를 하거나, 식물을 제거 3) 부분적으로 썩은 경우 화분에서 식물을 꺼내어 병든 부분을 절단. 자른 부분에 황가루 를 바르고 분갈이함 4) 건조하고 따뜻한 환경을 유지해줌 ▶ 물을 많이 주지 않았음에도 겨울에 기저부가 썩을 때의 원인: 냉해가 원인일 수 있음. 5℃ 이하의 온도는 산세베리아 생장에 치명적임. 겨울에 최소 10℃ 의 적정온도를 유지",
쉐플레라 홍콩(홍콩야자),Schefflera arboricola 'Hong Kong',Dwarf Umbrella tree,관리가 쉬워 식물을 처음 기르는 사람에게 좋은 쉐플레라 '홍콩'은 1.2m 정도까지 자라며 줄기에 잎이 둥근모양으로 달린 것이 우산을 펼친 것처럼 보여 영명이 Dwarf Umbrella tree이다. 시중에 흔히 볼 수 있는 대엽쉐플레라(Schefflera actinophylla)는 2.5~3.1m까지 자라 위풍당당한 모습이 특징이다. 잎에 무늬가 있는 품종인 쉐플레라 '바리에가타'(Schefflera arboricola 'Variegata')도 있다. 수경재배로 키우면 가장 잘 자란다.,"토양 표면이 약간 말랐을 때 물을 충분하게 주고, 가을과 겨 울에는 물을 적게 준다. 자주 분무해 주는 것이 좋다.",너무 건조하면 해충이 발생하므로 분무를 자주해 해충이 생 기는 것을 방지할 수 있다.,두릅나무과,18~24℃ (최저 13℃),반음지,낮거나 보통,"포름알데히드·벤젠 등 다양한 공기오염물질 제거, 일산화탄소 제거, 음이온 발생, 상대습도 증가","응애, 진딧물, 깍지벌레",하,,음이온이 많이 나오고 증산율이 좋아 실내습도를 높이는 효과가 좋다. 겨울에 침실이나 거 실에 두면 상대습도를 높이고 새집증후군 완화에 효과적이다.,,
디지고테카,Schefflera elegantissima,Aralia False,"디지고데카는 짙고 어두운 녹색을 띠는 잎이 얼핏 보면 레 이스 같아 우아해 보이는 식물이다. 줄기는 곧게 자라고, 잎 자루는 길며, 손가락을 펼친 모양의 잎은 가장자리가 톱니모 양인 것이 특징이다.","화분을 포함하여 1m가 넘는 식물은 5~7일에 1회 정도 물을 주는 것이 좋다. 봄~가을까지는 토양 표면이 말랐을 때 충 분히 물을 주고, 겨울에는 화분흙이 대부분 말랐을 때 충분 히 물을 준다. 관수량이 부족하여 흙이 마르거나 공중습도가 낮으면 낙엽 이 지므로, 자주 분무해서 공중습도를 50~60% 유지한다. 겨 울철에는 약간 건조하게 관리한다.","배수가 잘되는 토양에 심는 것이 좋다. 너무 건조하면 응애, 깍지벌레가 발생하니 주의한다. 직사광선을 받으면 잎 끝이 타면서 오그라드니 주의한다.",두릅나무과,16~25℃ (최저 12℃),"반양지, 반음지",보통,"포름알데히드 제거, 이산화탄소 감소, 음이온 발생, 상대습도 증가","응애, 깍지벌레",중,,"디지고데카는 포름알데히드 제거량이 가장 우수하며, 음이온 발생량, 상대습도 증가량도 우 수하다. 직사광선이 들지 않는 거실에 배치하면 효과적이다.",,
셀라기넬라,Selaginella martensii 'Watsoniana',"Tree spikemoss, blue-green peacock fern","줄기와 잎이 향나무 가지와 비슷하고, 얼핏 보면 수태같이 보인다. 셀라기넬라속 식물은 상록성 양치식물로 1과 1속 식 물이다. 우리나라에도 자생하는 바위손, 부처손 등이 있고, 부처손은 제주도에, 바위손은 전국 산지의 바위 또는 암벽 등에 붙어 자란다.","봄~가을에는 물에 잠기지 않되 흙을 촉촉하게 유지하고, 겨 울에는 토양표면이 말랐을 때 충분히 물을 준다. 겨울에는 자주 분무하여 공중습도가 건조하지 않게 관리한다.",공기 중에 습기가 없을 때 식물체에서 수분이 빠져나가는 것을 막기 위해 스스로 잎을 안으로 말아서 식물체 면적을 줄인다. 자주 분무하여 공중습도가 건조하지 않도록 한다.,부처손과,16~25℃ (최저 13℃),양지,높은편,포름알데히드 제거,"응애, 깍지벌레",중,,셀라기넬라는 거실 등에 놓인 큰 화분의 지피식물로 활용하면 공기정화 및 습도 조절에 좋 다. 부드러운 질감을 살려 화훼장식에 사용할 수 있다.,,
스파티필룸,Spathiphyllum wallisii,Peace Lily,"흰색의 불염포와 짙은 녹색의 윤기 있는 잎이 조화로운 스파 티필룸 왈리시는 실내에서 열대분위기를 자아낸다. 불염포 사이로 도깨비방망이처럼 생긴 꽃이 피면 꽃가루가 날리므로 이것이 싫다면 꽃을 제거한다. 꽃을 제거해도 불염 포가 손상되지 않아 여러 주 동안 감상할 수 있다. 용토를 가리지 않고, 수경재배에도 잘 자란다.","봄~가을에는 토양 표면이 말랐을 때 충분히 물을 주고, 겨울 에는 화분흙이 대부분 말랐을 때 충분히 물을 준다.",직사광선을 피하고 잎에 자주 분무한다. 너무 건조하면 해충이 발생한다.,천남성과,16~24℃ (최저 12℃),반양지~반음지,보통,"포름알데히드·벤젠 등 다양한 공기오염물질 제거, 음이온 발생, 상대습도 증가","응애, 깍지벌레",하,식물 모든 부분,"내음성이 강해 실내 어디든지 키울 수 있지만 습도가 높은 주방, 창문이 있는 밝은 화장실 등에 배치하면 좋다.",,
싱고니움,Syngonium podophyllum,Goosefoot,"싱고니움은 대표적인 잎보기 식물로 연두색, 흰색, 분홍색 등의 잎 색과 줄무늬, 점무늬 등 다양하게 잎의 무늬를 지녔 다. 반그늘을 좋아하며 고온다습한 환경에서 잘 자라며 실 내 암모니아 제거능력 우수하다. 덩굴성이면서 줄기 마디에 서 기근이 나와 다른 물체에 붙어 자란다. 토양이나 수경재 배 모두 잘 자란다.",봄~여름에는 흙을 촉촉하게 유지하고(물에 잠기지 않도록 주의) 가을에는 토양 표면이 말랐을 때 충분히 물을 주며 겨 울에는 화분흙이 대부분 말랐을 때 충분히 물을 준다. 건조 하거나 과습일 때 잎이 노랗게 변한다.,"습도유지가 중요하므로 건조할 때 잎에 분무한다. 너무 건조 할 경우 응애, 깍지벌레 등이 발생한다. 순지르기를 하면 새순이 자란다.",천남성과,12~28℃ (최저 10℃),"반양지, 음지",높은편,"공기정화, 포름알데히드·암모니아 제거","응애, 깍지벌레, 온실가루이",하,수액에 독성 함유,싱고니움은 걸이화분으로 활용하는데 화분의 방향을 정기적으로 돌려주는 것이 고른 생장 을 위해 좋다.,,
마삭줄,Trachelospermum asiaticum,Asian jasmine,우리나라 남부지방에서 주로 자생하며 상록의 덩굴성 목본 이다. 꽃은 5~6월에 피고 향기가 좋다. 실내에서 기를 때는 햇빛이 많이 드는 곳에 두는 것이 좋다. 번식은 꺾꽂이나 줄기의 휘묻이로 한다.,겉흙이 말랐을 때 물을 충분히 준다.,다른 식물을 생장을 방해하는 덩굴을 제거한다.,협죽도과,15~25℃ (최저 5℃),반양지,보통,"포름알데히드·자일렌 제거, 상대습도 증가, 음이온 발생","응애, 깍지벌레",중,,음이온과 습도의 발생량이 좋아서 공부방에 두면 실내 습도 조절과 집중력 향상에 도움이 된다. 덩굴성이므로 공중걸이분에 심어 활용한다.,,구근식물 심기와 관리하기 tip이 있음.
오색마삭줄,Trachelospermum asiaticum 'Hatsuyuki',Asian jasmine,우리나라 남부지방에서 주로 자생하며 상록의 덩굴성 목본 이다. 꽃은 5~6월에 피고 향기가 좋다. 실내에서 기를 때는 햇빛이 많이 드는 곳에 두는 것이 좋다. 번식은 꺾꽂이나 줄기의 휘묻이로 한다.,겉흙이 말랐을 때 물을 충분히 준다.,다른 식물을 생장을 방해하는 덩굴을 제거한다.,협죽도과,15~25℃ (최저 5℃),반양지,보통,"포름알데히드·자일렌 제거, 상대습도 증가, 음이온 발생","응애, 깍지벌레",중,,음이온과 습도의 발생량이 좋아서 공부방에 두면 실내 습도 조절과 집중력 향상에 도움이 된다. 덩굴성이므로 공중걸이분에 심어 활용한다.,,구근식물 심기와 관리하기 tip이 있음.
황금마삭줄,Trachelospermum asiaticum 'Ogon Nishiki',Asian jasmine,우리나라 남부지방에서 주로 자생하며 상록의 덩굴성 목본 이다. 꽃은 5~6월에 피고 향기가 좋다. 실내에서 기를 때는 햇빛이 많이 드는 곳에 두는 것이 좋다. 번식은 꺾꽂이나 줄기의 휘묻이로 한다.,겉흙이 말랐을 때 물을 충분히 준다.,다른 식물을 생장을 방해하는 덩굴을 제거한다.,협죽도과,15~25℃ (최저 5℃),반양지,보통,"포름알데히드·자일렌 제거, 상대습도 증가, 음이온 발생","응애, 깍지벌레",중,,음이온과 습도의 발생량이 좋아서 공부방에 두면 실내 습도 조절과 집중력 향상에 도움이 된다. 덩굴성이므로 공중걸이분에 심어 활용한다.,,구근식물 심기와 관리하기 tip이 있음.
튤립,Tulipa gesneriana,Tulip,"터키가 원산지인 튤립은 가을에 심는 구근식물로 실내에서 는 겨울부터 봄까지 꽃봉오리와 꽃을 볼 수 있다. 꽃의 색상 이 하얀색, 노란색, 분홍색 등의 단색뿐 아니라 여러 색이 혼 합된 색까지 매우 다양하다. 약 100여종이 있으며 재배품종 은 셀 수 없을 정도로 많다. 꽃잎은 모양은 넓고 원형인 것, 깃털모양, 뾰족한 것 등 여러 가지 있다. 튤립이 국화인 네덜란드는 튤립구근을 생산하여 세계시장 에 공급한다. 실내에서 키우려면 저온처리를 하여 가식한 화분을 사는 것 이 좋으며, 저온 처리가 안 된 구근은 싹이 잘 트지 않는다.","토양은 촉촉한 상태로 유지하고, 절대 건조해지지 않도록 관리한다.","저온처리는 심기 전에 2~5℃에서 최소 2개월 이상 두어야 하는데, 구근을 신문지에 싸서 냉장 고 안에서 보관하거나, 화분을 겨울철에 난방이 되는 않는 베란다나 실외에 둔다.",백합과,13~21℃ (최저 5℃),양지~반양지,보통,포름알데히드·암모니아· 자일렌 제거,진딧물,중,,,,
멕시코소철,Zamia furfuracea,Cardbpardpalm,"멕시코소철은 상록교목으로 일반 소철과 달리 잎이 넓고 잎 표면에 갈색 잔털로 덮여있다. 원래 고온건조한 곳에서 자라 기 때문에 수분증발을 방지하고 곰팡이나 병원균으로부터 보호하기 위해 줄기와 잎이 이 잔털로 덮여있는 것이므로 닦거나 손상시키지 않도록 주의한다. 햇빛이 잘 들고 통풍 이 잘 되는 곳에 두고, 배수가 잘되는 비옥한 토양에 심는다. 일반 소철에 비해 물을 좋아한다. 열매는 식용하면 안 된다.","봄~가을까지 토양 표면이 말랐을 때 충분히 물을 주고, 겨울 에는 화분흙이 대부분 말랐을 때 충분히 물을 준다. 물이 부족하면 잎이 누렇게 변하면서 떨어진다.","햇빛을 충분히 많이 받을 수 있고, 통풍이 잘 되는 곳에서 관 리한다. 잎에 털이 있으므로 잎을 닦으면 안 된다.",소철과,15~25℃ (최저 10℃),양지~반양지,보통,"포름알데히드 제거, 공기정화","응애, 깍지벌레",중,,"빛이 충분한 양지에서 잘 자라므로, 실내에서 기를 때는 햇빛이 많이 드는 거실이나 베란 다에 둔다. 겨울철에도 최저 10℃이상 유지해야 되므로 베란다가 추울 경우 실내로 옮긴다.",,